Error,ErrorDoc,Date,Name,Project,Duration,Ry0_Ch3,Ry0_Ch11,Ry0_Ch19,Ry0_Ch27,Ry0_Ch35,Ry0_Ch43,Ry0_Ch51,Surface Temperature(°C),dM,dM_Pos,Indoor Temperature(℃),Indoor Humidity(%),Outdoor Temperature(℃),Outdoor Humidity(%),Dew Point(℃),Wind(m/s),Wind variance(m/s),Gust(m/s),Wind Direction(°),Std. of Wind Direction(°),ABS Pressure(hpa),Solar Rad.(w/m2),Hourly Rain(mm),Event Rain(mm),CH1 Temperature(℃),CH1 Dewpoint(℃),CH1 Humidity(%),CH2 Temperature(℃),CH2 Dewpoint(℃),CH2 Humidity(%),CH3 Temperature(℃),CH3 Dewpoint(℃),CH3 Humidity(%)
NaN,NaN,10-Sep-2024 09:22:25,2024-09-10_Messung_Zeitz_0922.h5,Large Scale Experiment - Preparation,600,0.000315569357152294,0.000240723666102613,0.000308653293871297,0.000365612175518539,0.000310048311467208,0.000304715385203045,0.000314020951374699,16.2119058333336,0,0,17.72,64.6,14.05,72.8,9.26,1.5,0.8,5.1,-24.9351679771586,54.4703262271162,990.06,9.33,0,0,17.86,11.12,64.7,17.94,11.14,64.5,17.4,11.39,67.8
NaN,NaN,10-Sep-2024 09:42:59,2024-09-10_Messung_Zeitz_0942.h5,Large Scale Experiment - Preparation,600,0.000416235048158169,0.000362163848048417,0.000344899797726373,0.000449952748254843,0.000442198342912906,0.000353129941967696,0.000404450858289063,16.3159933333331,0,0,17.7,64,13.975,75.5,9.675,1.675,0.804895734152656,5.1,25.3680286060463,66.5116772607129,990.3375,15.8875,0,0,17.9,10.925,63.625,17.9625,10.8625,63,17.35,10.95,66
NaN,NaN,10-Sep-2024 09:53:16,2024-09-10_Messung_Zeitz_0953.h5,Large Scale Experiment - Preparation,600,0.000259913319417974,0.000203475117893232,0.000194095984609,0.000284633595555826,0.000252832255659662,0.000203737885477835,0.00027768447470046,16.3639153333331,0,0,17.7,63.7,13.95,75,9.56,1.78,0.752477389841198,4.6,-34.6788569987959,49.8797621905547,990.29,16.48,0,0,17.89,10.81,63.1,18,10.9,63,17.4,11,66
NaN,NaN,10-Sep-2024 10:13:49,2024-09-10_Messung_Zeitz_1013.h5,Large Scale Experiment - Reference,600,0.000301883614692945,0.000273109698625758,0.000270894293797476,0.000312640859734741,0.00028051629168821,0.000275062414093567,0.000311182658308133,16.4763684999999,0,0,17.69,62.9,14.32,71,9.12,2.01,1.19949063263444,5.6,-9.87550541991059,33.671382769387,990.46,15.63,0,0,17.83,10.44,62,17.99,10.55,61.8,17.3,10.7,65
NaN,NaN,10-Sep-2024 10:24:06,2024-09-10_Messung_Zeitz_1024.h5,Large Scale Experiment - Reference,600,0.000360968159539767,0.000289719370591463,0.000283440230863895,0.000405089214223061,0.000352705652271682,0.000300670994905465,0.000361840390732079,16.5850021666668,0,0,17.63,62.3,14.36,70.1,8.98,1.76,0.694742158406028,4.1,-65.6918444467256,55.3572028965764,990.42,13.64,0,0,17.83,10.39,61.8,17.95,10.32,60.9,17.3,10.49,64.3
NaN,NaN,10-Sep-2024 10:34:23,2024-09-10_Messung_Zeitz_1034.h5,Large Scale Experiment - Reference,600,0.00037821688783381,0.000317948633650443,0.000315876149728977,0.000391952858966034,0.000357978887112593,0.000346644106951959,0.000377891368494287,16.8528203333332,0,0,17.64,61.6,14.82,65.6,8.44,2.35,1.04163333279998,5.1,-1.74959569324463,68.9703815535255,990.4,17.41,0,0,17.8,10.07,60.5,17.97,10.25,60.6,17.33,10.37,63.6
NaN,NaN,10-Sep-2024 10:44:40,2024-09-10_Messung_Zeitz_1044.h5,Large Scale Experiment - Reference,600,0.000313918205327872,0.000273339047860366,0.00032572536301351,0.000314730727328418,0.000273204384703269,0.000267583929644483,0.000301219086557794,17.0177868333334,0,0,17.6,60.9,15.05,64.3,8.37,2.26,1.07723926982098,5.6,-39.2682535180348,45.8728902930774,990.32,15.3,0,0,17.74,9.87,59.9,17.9,9.84,59.2,17.37,9.93,61.7
NaN,NaN,10-Sep-2024 10:54:57,2024-09-10_Messung_Zeitz_1054.h5,Large Scale Experiment - Reference,600,0.000489342022780736,0.000387519931918781,0.000414946511787614,0.000515271718721517,0.000465227150016289,0.000433562218556169,0.000498162721066347,17.1967178333334,0,0,17.6,59.3,15.06,63.3,8.14,1.76,0.996884034267666,5.1,-10.8851703652187,47.3344508585015,990.3,18.29,0,0,17.7,9.41,58.3,17.9,9.57,58.2,17.4,9.78,60.9
NaN,NaN,10-Sep-2024 11:15:30,2024-09-10_Messung_Zeitz_1115.h5,Large Scale Experiment - Reference,600,0.000292609808730398,0.000235672805668854,0.000260806264355592,0.000286527763504093,0.000272680985366673,0.000243807918428233,0.000284384709873379,17.4955598333333,0,0,17.7,59,15.48,64.2,8.76,1.75,0.913175168786848,5.1,-55.3600670920015,86.3370841136085,990.38,18.84,0,0,17.8,9.5,58.3,18,9.4,57,17.51,9.85,60.7
NaN,NaN,10-Sep-2024 11:25:47,2024-09-10_Messung_Zeitz_1125.h5,Large Scale Experiment - Reference,600,0.000413947854662968,0.00033500545526175,0.000375424713946949,0.000410263376776806,0.00033479013278942,0.000337950918643991,0.00040593784744863,17.6932770000002,0,0,17.7,58.7,15.41,62.8,8.37,2.05,1.03949774196751,5.1,-48.2688714850699,55.5024658705086,990.38,21.6,0,0,17.82,9.36,57.7,18.07,9.44,56.9,17.6,9.77,59.9
NaN,NaN,10-Sep-2024 11:36:04,2024-09-10_Messung_Zeitz_1136.h5,Large Scale Experiment - Reference,600,0.000388478577506498,0.000332297093377226,0.00032099382862098,0.0004084297859224,0.000387663442387811,0.000409287262146871,0.000353388679395934,17.6656801666669,0,0,17.78,57.9,15.4,62.8,8.34,1.64,1.14523166021358,5.6,-16.7898753159694,45.0794571622324,990.44,21.23,0,0,17.9,9.36,57.3,18.17,9.27,56,17.66,9.62,59.2
NaN,NaN,10-Sep-2024 12:06:55,2024-09-10_Messung_Zeitz_1206.h5,Large Scale Experiment - Reference,600,0.000421878093117729,0.000368052071325504,0.00037971409348372,0.000510208453481079,0.000439434954570013,0.00036320527426812,0.000451249456768554,17.8848954999998,0,0,17.9,56.5,15.71,60.1,8.01,2.52,0.716162613439775,5.1,-72.8061247319654,68.9970718560194,990.37,17.57,0,0,17.9,8.77,55.2,18.3,8.8,54,17.79,9.17,57
NaN,NaN,10-Sep-2024 12:17:12,2024-09-10_Messung_Zeitz_1217.h5,Large Scale Experiment - Reference,600,0.00044956086294314,0.000353547168100426,0.000364025450120261,0.000504386137310017,0.000439280426852418,0.000412601134528276,0.000475347584503049,17.9896981666667,0,0,17.95,56,15.68,62.2,8.44,1.62,0.491709037722287,4.1,-58.5726361779921,74.0954200152666,990.31,14.98,0,0,17.99,8.79,55,18.31,8.73,53.6,17.84,9.15,56.7
NaN,NaN,10-Sep-2024 12:27:28,2024-09-10_Messung_Zeitz_1227.h5,Large Scale Experiment - Reference,600,0.000368086113830086,0.000268184129114824,0.000311297897895006,0.000388190215634951,0.00033039230807787,0.000297315336766682,0.000365913562427087,18.1416340000002,0,0,18,55.9,16.13,60.9,8.57,2.34,1.16447413024077,5.6,-62.3590091342198,75.6765894650809,990.37,13.79,0,0,18,8.6,54.1,18.39,8.71,53.1,17.89,9.11,56.4
NaN,NaN,10-Sep-2024 12:37:45,2024-09-10_Messung_Zeitz_1237.h5,Large Scale Experiment - Reference,600,0.000352489045224102,0.000311233140251563,0.00028223721492147,0.00037052265771914,0.000360321176816743,0.000351158082932176,0.000342223763892684,18.2102243333334,0,0,18.06,54.6,16.23,61.5,8.83,2.33,0.98098589864143,4.6,-62.9451324547412,67.6260717931903,990.38,13.17,0,0,18,8.59,54,18.46,8.61,52.5,17.99,8.94,55.5
NaN,NaN,10-Sep-2024 12:48:02,2024-09-10_Messung_Zeitz_1248.h5,Large Scale Experiment - Reference,600,0.000384274070728674,0.000314192031324623,0.000320067920839183,0.000402262863870524,0.000356575561430872,0.000306085437980796,0.000376798142567893,18.5264701666667,0,0,18.1,54.9,16.75,59.3,8.8,1.39,0.729459465022636,3.6,0.549236224125548,47.5820969405093,990.32,14.24,0,0,18.09,8.47,53.4,18.5,8.5,52,18.08,8.94,55.2
NaN,NaN,10-Sep-2024 12:58:19,2024-09-10_Messung_Zeitz_1258.h5,Large Scale Experiment - Reference,600,0.000494200932824409,0.000433431351623935,0.000467976798099066,0.00049882868309842,0.000454507389600438,0.000437650793137301,0.000526339151523464,18.7215301666667,0,0,18.19,54,17.09,59.6,9.17,1.74,1.04796098315835,5.6,-54.7464307633311,87.3229516548055,990.31,16.78,0,0,18.13,8.47,53.2,18.59,8.47,51.6,18.23,8.91,54.6
NaN,NaN,10-Sep-2024 13:08:35,2024-09-10_Messung_Zeitz_1308.h5,Large Scale Experiment - Reference,600,0.000244649997434112,0.000204488941996952,0.000194063267020571,0.00026099293228058,0.000246513328586818,0.000227721373122232,0.000253269839127393,18.8736651666666,0,0,18.32,53.9,16.98,59,8.95,2.32,0.953123520035281,5.1,-57.5592247528522,74.0250466325694,990.23,19.65,0,0,18.2,8.44,52.8,18.64,8.37,51.1,18.34,8.9,54.2
NaN,NaN,10-Sep-2024 13:18:52,2024-09-10_Messung_Zeitz_1318.h5,Large Scale Experiment - Reference,600,0.000270129511624671,0.000209787242489617,0.000183672954926113,0.000284652037156101,0.000265425436878983,0.000241779393760106,0.000277843607347287,19.0161651666667,0,0,18.38,53.3,17.34,59.3,9.33,1.65,0.721495360730445,3.6,-22.7849159261983,76.7997348610354,990.28,25.14,0,0,18.28,8.46,52.6,18.75,8.45,51,18.45,8.77,53.1
NaN,NaN,10-Sep-2024 13:29:09,2024-09-10_Messung_Zeitz_1329.h5,Large Scale Experiment - Reference,600,0.000341370767640964,0.000261789882522137,0.000303034976779667,0.000380935434113944,0.000317497154071294,0.000298924609212064,0.000367108373813376,19.1597196666668,0,0,18.46,53,17.24,57.6,8.81,2.3,1.00221975855819,5.1,73.9263733781495,90.4046837425549,990.21,23.88,0,0,18.44,8.44,52,18.86,8.38,50.4,18.53,8.74,52.7
NaN,NaN,10-Sep-2024 13:39:25,2024-09-10_Messung_Zeitz_1339.h5,Large Scale Experiment - Reference,600,0.000397178500200371,0.000295320509064162,0.000318640924043113,0.000402393581358072,0.000345802249194512,0.000380221933448598,0.000410532554215549,19.2955728333331,0,0,18.55,52.2,17.41,57.6,8.99,2.67,1.27458054102342,6.6,-79.8961703713005,40.2958495665476,990.24,30.68,0,0,18.5,8.32,51.4,18.91,8.31,50,18.64,8.73,52.3
NaN,NaN,10-Sep-2024 13:49:42,2024-09-10_Messung_Zeitz_1349.h5,Large Scale Experiment - Reference,600,0.000349067878339967,0.000292585730115443,0.000229865471941514,0.00039806139645017,0.000372670617505945,0.000284518043296119,0.000363451726041651,19.543963,0,0,18.63,52.3,17.43,58.6,9.25,2.33,0.940508136889605,6.1,-9.67906267104584,88.5692676764344,990.19,26.61,0,0,18.52,8.43,51.7,19,8.37,49.9,18.74,8.8,52.2
NaN,NaN,10-Sep-2024 13:59:59,2024-09-10_Messung_Zeitz_1359.h5,Large Scale Experiment - Reference,600,0.000388881776041033,0.00032342523410946,0.000283318076525403,0.000442268412315806,0.000413540994933817,0.000361283156639041,0.000380871532301748,19.6009546666666,0,0,18.72,52,17.54,57.4,9.04,2.31,0.690330033792211,5.1,-73.4355297072409,79.5278943552993,990.2,27.13,0,0,18.62,8.47,51.5,19.1,8.38,49.6,18.87,8.84,52.2
NaN,NaN,10-Sep-2024 14:10:16,2024-09-10_Messung_Zeitz_1410.h5,Large Scale Experiment - Reference,600,0.000329669658160787,0.000267869769613943,0.00031275861291999,0.000317367135233557,0.000288182505366603,0.000271612646235172,0.000305626280345683,19.7086726666667,0,0,18.83,51.9,17.74,57.5,9.24,2.22,0.734544454444764,4.6,-60.6342551248297,57.2483353361744,990.05,27.73,0,0,18.67,8.58,51.7,19.16,8.32,49.4,18.96,8.86,52
NaN,NaN,10-Sep-2024 14:20:33,2024-09-10_Messung_Zeitz_1420.h5,Large Scale Experiment - Reference,600,0.000346734776435529,0.000338687310388862,0.000302592943547618,0.000329274372031248,0.000322724584276404,0.000247550779725729,0.000342767575326717,19.9749968333333,0,0,18.92,51.9,18.31,57.6,9.81,1.16,0.718331399842719,3.6,-4.26897103461625,61.7753415721881,989.92,37.72,0,0,18.77,8.53,51.2,19.25,8.28,49.1,19.09,8.87,51.6
NaN,NaN,10-Sep-2024 14:30:50,2024-09-10_Messung_Zeitz_1430.h5,Large Scale Experiment - Reference,600,0.000439064736968442,0.000408233871038633,0.000326889130938249,0.000496703144602215,0.000480713833213801,0.000436425430200836,0.000439632265327268,20.124654,0,0,19.01,51.9,18.12,57.8,9.69,1.51,0.992695544688524,4.6,-38.3614264353609,29.0216382827507,989.97,48.86,0,0,18.87,8.61,51.2,19.32,8.32,49,19.19,9.06,51.9
NaN,NaN,10-Sep-2024 14:51:24,2024-09-10_Messung_Zeitz_1451.h5,Large Scale Experiment - Reference,600,0.000305571588140947,0.00025884710301624,0.000244626325823684,0.000331371795113508,0.000302433051294748,0.00025806859177663,0.00029851208051357,20.0398491666667,0,0,19.21,51.9,17.71,58.4,9.43,2.02,0.889194391945129,4.6,-61.2942305515207,66.2960913836392,989.75,32.13,0,0,18.9,8.76,51.8,19.42,8.54,49.4,19.3,9.11,51.7
NaN,NaN,10-Sep-2024 15:01:41,2024-09-10_Messung_Zeitz_1501.h5,Large Scale Experiment - Reference,600,0.000239229382062289,0.000188674982597633,0.000205115751468269,0.000239304817952751,0.000213082238365712,0.000224859548947411,0.000244111580719861,19.9149326666667,0,0,19.3,51.6,17.62,58.7,9.43,1.9,0.697614984548545,3.6,-73.2446099352069,59.8421436725938,989.71,30.49,0,0,18.9,8.72,51.6,19.5,8.59,49.3,19.3,9.2,52
NaN,NaN,10-Sep-2024 15:11:58,2024-09-10_Messung_Zeitz_1511.h5,Large Scale Experiment - Reference,600,0.000371114940222173,0.000328720053415964,0.000322528441923434,0.000386055489951031,0.000352045542763096,0.000302688667350617,0.000346290576671171,19.9464446666667,0,0,19.36,51.9,17.7,59.1,9.63,1.17,0.507827617296351,3.1,-27.2291566385493,81.5000484669725,989.63,29.7,0,0,18.97,8.85,51.9,19.5,8.56,49.2,19.35,9.25,52
NaN,NaN,10-Sep-2024 15:22:15,2024-09-10_Messung_Zeitz_1522.h5,Large Scale Experiment - Reference,600,0.000284368394937386,0.000232239234106972,0.000269964767369145,0.000298056082798231,0.000235171493493062,0.000214052423234025,0.000272694633557955,19.8602688333332,0,0,19.4,51.2,17.8,59.1,9.71,2.07,0.932201694913714,4.6,-58.1877744014275,66.1608855543312,989.51,33.18,0,0,19,8.76,51.3,19.52,8.61,49.3,19.4,9.24,51.8
NaN,NaN,10-Sep-2024 15:32:32,2024-09-10_Messung_Zeitz_1532.h5,Large Scale Experiment - Reference,600,0.000337082904078338,0.000286838664253469,0.000285376046013895,0.000368029195381717,0.000322226529858115,0.00027987465352055,0.00033315152527858,19.7369290000001,0,0,19.44,51,17.76,59.5,9.8,2.2,0.74236858171067,5.1,-80.406859955862,48.3018736033906,989.61,15.23,0,0,19.06,8.82,51.4,19.59,8.71,49.4,19.4,9.12,51.4
NaN,NaN,10-Sep-2024 15:42:49,2024-09-10_Messung_Zeitz_1542.h5,Large Scale Experiment - Reference,600,0.000382277571212643,0.000312468406274783,0.000273861233045724,0.000389248803186641,0.000350196296637721,0.000287019969730976,0.000362014761868782,19.583116,0,0,19.5,51,17.62,60.6,9.94,2.01,0.998276292193477,5.1,-77.1088788988486,70.075889854227,989.55,8.57,0,0,19.07,8.86,51.6,19.57,8.75,49.6,19.4,9.24,51.8
NaN,NaN,10-Sep-2024 15:53:05,2024-09-10_Messung_Zeitz_1553.h5,Large Scale Experiment - Reference,600,0.000331665332784356,0.000266740935297167,0.000271239429740795,0.000362777142856784,0.000328952564632211,0.000333313933859699,0.000326736848945264,19.5046995,0,0,19.51,51.2,17.5,61.6,10.02,1.7,1.04243305140746,5.1,-48.9110529290732,66.7214955673539,989.65,18.49,0,0,19.06,8.96,52,19.55,8.85,50,19.4,9.3,52
NaN,NaN,10-Sep-2024 16:03:22,2024-09-10_Messung_Zeitz_1603.h5,Large Scale Experiment - Reference,600,0.000310787376914044,0.000248315715713428,0.000214190267636497,0.000413445460702901,0.000403695835419603,0.000292089819298545,0.00033988400152817,19.5163791666667,0,0,19.55,51.7,17.6,61.7,10.16,1.37,0.686456278449125,3.1,-31.4256356440652,62.7118481976724,989.59,44.36,0,0,19.01,8.91,52,19.56,8.86,50,19.4,9.42,52.4
NaN,NaN,10-Sep-2024 16:13:39,2024-09-10_Messung_Zeitz_1613.h5,Large Scale Experiment - Reference,600,0.00042441588981095,0.000284754884514453,0.000317543336829287,0.000432419113456757,0.00035806389173883,0.00045018814713903,0.00045024872404319,19.7662003333334,0,0,19.6,51.8,18.42,60.3,10.61,0.89,0.517365119298418,2,4.36451999356716,23.0838148265409,989.45,191.77,0,0,19.04,9,52.2,19.6,8.96,50.2,19.4,9.6,53
NaN,NaN,10-Sep-2024 16:23:56,2024-09-10_Messung_Zeitz_1623.h5,Large Scale Experiment - Reference,600,0.000285774032901615,0.0002424422939113,0.000228808147226911,0.000312044554966537,0.000279461522683439,0.000218381782062342,0.000290736424248483,19.9231973333334,0,0,19.6,52,18.93,58.5,10.63,1.67,1.0791457526931,5.1,-78.1539976101666,62.8176145495504,989.45,136.42,0,0,19.14,9.13,52.3,19.6,9.11,50.7,19.43,9.63,53
NaN,NaN,10-Sep-2024 16:34:12,2024-09-10_Messung_Zeitz_1634.h5,Large Scale Experiment - Reference,600,0.000277656054893172,0.000208265611373769,0.000239427460448847,0.000283956109749201,0.000238454760931697,0.000221684914918815,0.000262071264318608,19.9122765000001,0,0,19.68,52,18.21,59.7,10.27,1.65,0.80863396471388,4.6,-66.5081674317976,64.4536847443675,989.42,31.88,0,0,19.2,9.16,52.2,19.67,9.27,51,19.5,9.7,53
NaN,NaN,10-Sep-2024 16:44:29,2024-09-10_Messung_Zeitz_1644.h5,Large Scale Experiment - Reference,600,0.000226778977844132,0.000179530970106001,0.000173734516312138,0.000250555721054513,0.000235334765375535,0.000199888449975463,0.000226110773944417,19.9030170000001,0,0,19.7,52,18.06,60.1,10.19,1.37,0.666749994792318,4.1,-15.4090601934758,46.3890620527698,989.51,18.24,0,0,19.2,9.34,52.8,19.7,9.3,51,19.5,9.7,53
NaN,NaN,10-Sep-2024 16:54:46,2024-09-10_Messung_Zeitz_1654.h5,Large Scale Experiment - Reference,600,0.000160220877569767,0.000120164265123515,0.000109832737055633,0.000182871733800288,0.000155664057370175,0.000130246889628318,0.000156867746736356,20.1115038333333,0,0,19.7,51.9,18.01,59.5,10,1.68,0.743564986325263,4.1,-51.7083050532275,68.9630631878529,989.49,74.56,0,0,19.23,9.25,52.4,19.74,9.31,50.9,19.5,9.61,52.7
NaN,NaN,10-Sep-2024 17:05:03,2024-09-10_Messung_Zeitz_1705.h5,Large Scale Experiment - Reference,600,0.000406127427792122,0.000329319625889704,0.000348031959995883,0.000452610905323244,0.000362788048046519,0.000425157784834298,0.000424555506967628,20.8422835,0,0,19.73,52,18.52,58.7,10.31,1.3,0.478423336480244,3.1,-18.4860456668509,62.4537471838351,989.33,141.75,0,0,19.29,9.25,52.2,19.8,9.4,51,19.51,9.71,53
NaN,NaN,10-Sep-2024 17:25:36,2024-09-10_Messung_Zeitz_1725.h5,Large Scale Experiment - Reference,600,0.000305917649457693,0.000235566481673698,0.000211705530145472,0.000324603483452005,0.000297497870450631,0.000242833580247148,0.000285627941738047,20.2960776666663,0,0,19.8,52,17.94,60.8,10.28,1.48,0.651152823843988,3.6,-26.9627770752102,67.3436300930078,989.2,25.16,0,0,19.4,9.3,52,19.89,9.34,50.5,19.6,9.65,52.5
NaN,NaN,10-Sep-2024 17:35:53,2024-09-10_Messung_Zeitz_1735.h5,Large Scale Experiment - Reference,600,0.000164280413714841,0.000146231851418035,0.000117613501071183,0.000164698567081528,0.000170799606563235,0.000154789112858793,0.000158616587704918,20.2825365000002,0,0,19.86,52,17.94,60.9,10.29,1.71,0.789444248963929,3.6,-33.6437140577645,96.3613591803093,989.1,39.28,0,0,19.4,9.3,52,19.9,9.41,50.7,19.6,9.8,53
NaN,NaN,10-Sep-2024 17:46:10,2024-09-10_Messung_Zeitz_1746.h5,Large Scale Experiment - Reference,600,0.000139075355560353,0.000120476634245737,0.000102646291456353,0.000157447340066063,0.000154218841337924,0.000134610085131088,0.00014382556701891,20.2906656666663,0,0,19.9,52,18.12,61,10.51,1.46,0.733636301052655,3.6,-56.5401366031566,79.7550019352842,989,37.54,0,0,19.46,9.36,52,19.9,9.47,50.9,19.61,9.81,53
NaN,NaN,10-Sep-2024 17:56:27,2024-09-10_Messung_Zeitz_1756.h5,Large Scale Experiment - Reference,600,0.000234737692408521,0.000174171395684681,0.00015352357424596,0.000256213860733597,0.000236910615885642,0.000219703593998376,0.000231730613019535,20.6074784999998,0,0,19.9,52,18.12,60.2,10.28,1.74,0.688315173287483,3.6,-86.5845487625383,84.8883716270931,988.9,59.17,0,0,19.5,9.4,52,19.91,9.51,51,19.66,9.86,53
NaN,NaN,10-Sep-2024 18:06:44,2024-09-10_Messung_Zeitz_1806.h5,Large Scale Experiment - Reference,600,0.000198729774776867,0.000156453857659778,0.000162023080115507,0.000228236713718692,0.000212378263973964,0.000168944090432849,0.000191829552964615,21.5323046666667,0,0,19.94,52,18.72,59.2,10.59,1.46,0.488080139139283,3.6,50.9062530841235,65.3209124257394,988.92,89.14,0,0,19.51,9.41,52,19.97,9.57,51,19.67,9.87,53
NaN,NaN,10-Sep-2024 18:17:01,2024-09-10_Messung_Zeitz_1817.h5,Large Scale Experiment - Reference,600,0.000322712625166773,0.000251859700421382,0.000306427334173499,0.000322547758228242,0.000270321860402495,0.000295246942219195,0.000305103885247065,21.9152538333332,0,0,20,52,18.53,59.4,10.48,1.53,0.487738545625511,3.6,-45.9544895593617,86.3587920281275,988.82,57.28,0,0,19.6,9.5,52,20.06,9.57,50.7,19.7,9.9,53
NaN,NaN,10-Sep-2024 18:27:17,2024-09-10_Messung_Zeitz_1827.h5,Large Scale Experiment - Reference,600,0.000148681813145158,0.000117669452128722,0.000115096597579778,0.00016073238657647,0.000146114060265875,0.000120276812152619,0.000134520023121982,21.5767723333334,0,0,20.02,51.8,17.93,60.8,10.27,1.56,0.556177429723046,3.6,36.9960914160454,94.3053282907296,988.74,19.55,0,0,19.68,9.58,52,20.16,9.49,50.1,19.7,9.9,53
NaN,NaN,10-Sep-2024 18:37:34,2024-09-10_Messung_Zeitz_1837.h5,Large Scale Experiment - Reference,600,0.000182780496113193,0.000135866648290164,0.000171022114135761,0.000203859613852426,0.000206924224077067,0.000182264777067089,0.000221550220254048,21.5853746666667,0,0,20.09,51.1,17.72,61.2,10.16,1.19,0.458136321294098,2.6,85.1176537852722,75.2457400407942,988.78,17.12,0,0,19.74,9.64,52,20.22,9.52,50,19.7,9.9,53
NaN,NaN,10-Sep-2024 18:47:51,2024-09-10_Messung_Zeitz_1847.h5,Large Scale Experiment - Reference,600,0.000147675010123699,0.000117983494017634,9.56307696364221e-05,0.000156809068192048,0.000140573543331459,0.000123911208099997,0.000146985538778147,21.1361713333334,0,0,20.1,51,17.45,62.1,10.1,1.02,0.441713833959399,2,21.9396368239857,59.884462633049,988.92,10.09,0,0,19.8,9.64,51.8,20.3,9.6,50,19.7,9.9,53
NaN,NaN,10-Sep-2024 19:08:24,2024-09-10_Messung_Zeitz_1908.h5,Large Scale Experiment - Reference,600,0.000214793855117607,0.00017425292837654,0.000172417059229031,0.000217025065931786,0.000209507252848763,0.000182249971912676,0.000204137864121507,20.4415403333332,0,0,20.18,51,16.87,64,10.07,0.86,0.275680975041804,1.5,14.7974604149712,20.1963528335409,988.81,1.34,0,0,19.84,9.68,51.8,20.32,9.6,50,19.7,9.9,53
NaN,NaN,10-Sep-2024 19:18:41,2024-09-10_Messung_Zeitz_1918.h5,Large Scale Experiment - Reference,600,0.000110656456227301,9.53692344717178e-05,0.000105192240477816,0.000108081797825776,0.000101213259065521,8.32464723718086e-05,0.000101786121692476,20.1319471666667,0,0,20.14,51,16.8,64.2,10.04,0.71,0.179195734076208,1.5,5.96251930715359,26.4422344750353,988.7,0.79,0,0,19.9,9.71,51.7,20.34,9.6,50,19.64,9.84,53
NaN,NaN,10-Sep-2024 19:28:57,2024-09-10_Messung_Zeitz_1928.h5,Large Scale Experiment - Reference,600,0.000121546347500621,9.15966490006908e-05,0.000111401229682647,0.000122428816386495,0.000106510744797494,9.75604227252482e-05,0.00012237016001515,19.8648058333332,0,0,20.11,51,17,63.1,9.93,1.88,0.843010478384858,4.1,83.0727953052987,86.5780599319654,988.69,0.27,0,0,19.82,9.66,51.8,20.29,9.59,50,19.6,9.8,53
NaN,NaN,10-Sep-2024 19:39:14,2024-09-10_Messung_Zeitz_1939.h5,Large Scale Experiment - Reference,600,0.000108672548998641,8.52813532075953e-05,0.000108853133125405,0.000100960869433997,9.17824814888237e-05,6.54666649907879e-05,9.92892317720037e-05,19.6503250000002,0,0,20.11,51,17.09,63.2,10.04,1.08,0.549343041985405,2.6,-6.41830022618062,54.7128956795808,988.54,0.1,0,0,19.8,9.7,52,20.2,9.5,50,19.6,9.8,53
NaN,NaN,10-Sep-2024 19:49:31,2024-09-10_Messung_Zeitz_1949.h5,Large Scale Experiment - Reference,600,9.72398308543164e-05,8.74875428177911e-05,8.22260635944989e-05,9.52568494300439e-05,8.9663514851747e-05,7.43536172732128e-05,9.36649518524258e-05,19.4801871666667,0,0,20.1,51,16.87,64.8,10.23,0.81,0.242441287279576,1.5,24.3168600265637,40.9315226301096,988.59,0.01,0,0,19.73,9.63,52,20.15,9.48,50.1,19.5,9.7,53
NaN,NaN,10-Sep-2024 19:59:47,2024-09-10_Messung_Zeitz_1959.h5,Large Scale Experiment - Reference,600,6.78756873817259e-05,5.19581311880886e-05,4.77287672487322e-05,7.11470087005318e-05,6.01953293562054e-05,4.84554045835298e-05,6.8332754254644e-05,19.2957718333332,0,0,20.1,51,16.7,65,10.1,1.04,0.263312235441753,2,18.9276733143443,36.3004891206772,988.52,0,0,0,19.74,9.64,52,20.1,9.7,51,19.5,9.7,53
NaN,NaN,10-Sep-2024 20:10:04,2024-09-10_Messung_Zeitz_2010.h5,Large Scale Experiment - Reference,600,4.94783567981604e-05,3.47554668786709e-05,3.85506220268528e-05,5.79785104156757e-05,4.98046861911239e-05,5.1738440279992e-05,4.77325374617702e-05,19.1417975000001,0,0,20.07,51.8,16.67,65,10.07,1.13,0.182878222991269,2,26.4977368949367,38.5757788316919,988.51,0,0,0,19.72,9.62,52,20.1,9.7,51,19.5,10,54
NaN,NaN,10-Sep-2024 20:30:38,2024-09-10_Messung_Zeitz_2030.h5,Large Scale Experiment - Reference,600,0.000155151340630704,0.000135812889222535,0.000131639336887827,0.00016695827982231,0.00015733505249476,0.000147834583929307,0.000155655769890507,18.8661868333332,0,0,20,52,16.25,66.3,9.99,0.81,0.268535120814971,1.5,36.9036797053721,19.8386970513907,988.52,0,0,0,19.7,9.6,52,20,9.6,51,19.4,9.9,54
NaN,NaN,10-Sep-2024 20:40:55,2024-09-10_Messung_Zeitz_2040.h5,Large Scale Experiment - Reference,600,0.000116413824252728,0.00015681174670772,0.000113978764643698,0.000108966145959105,0.000109003691475339,8.1442720951813e-05,0.000109096019968011,18.7132068333336,0,0,19.99,52,15.99,67.6,10.01,0.41,0.166332999331662,1,24.5809919248848,8.77355198113746,988.33,0,0,0,19.7,9.6,52,20,9.6,51,19.38,9.88,54
NaN,NaN,10-Sep-2024 20:51:12,2024-09-10_Messung_Zeitz_2051.h5,Large Scale Experiment - Reference,600,0.000134581334661132,0.000110107661118978,0.000129155242853189,0.000131953123219022,0.000115617615294194,9.80907046650796e-05,0.000129778945575387,18.6517081666669,0,0,19.91,52,15.62,68.5,9.82,0.46,0.0966091783079296,1,19.8962361565417,5.18356917929793,988.26,0,0,0,19.7,9.72,52.4,20,9.6,51,19.3,9.8,54
NaN,NaN,10-Sep-2024 21:01:28,2024-09-10_Messung_Zeitz_2101.h5,Large Scale Experiment - Reference,600,0.000104000157566304,8.10614139204325e-05,8.545395860055e-05,0.00010363429333723,9.14220499533665e-05,6.83746795281307e-05,0.000102674194048488,18.5264871666667,0,0,19.87,52,15.37,69,9.76,0.39,0.237814119756493,1,19.4145529631496,9.23494259726384,988.12,0,0,0,19.71,9.91,53,19.98,9.76,51.6,19.29,9.85,54.3
NaN,NaN,10-Sep-2024 21:11:45,2024-09-10_Messung_Zeitz_2111.h5,Large Scale Experiment - Reference,600,0.000118463964450346,9.53597586005934e-05,9.57631230671747e-05,0.000125622585366794,0.000113204179860695,0.000110030125077002,0.000129330640805183,18.3158774999997,0,0,19.81,52,15.35,69,9.75,0.67,0.231180545125329,1.5,25.1432601906564,33.2329145145004,988.1,0,0,0,19.73,9.93,53,19.96,9.71,51.5,19.21,9.91,55
NaN,NaN,10-Sep-2024 21:32:18,2024-09-10_Messung_Zeitz_2132.h5,Large Scale Experiment - Reference,600,0.000117005510711599,0.000101358498804888,0.000111343009485852,0.00011121204201929,8.89467685890422e-05,7.98414260604371e-05,0.000104403718017662,18.0619188333334,0,0,19.72,53,15.44,69,9.8,1.38,0.234757558155453,2,54.8131438622049,81.1882361202382,987.78,0,0,0,19.57,9.83,53.2,19.72,9.74,52.4,19.03,9.89,55.2
NaN,NaN,10-Sep-2024 21:42:35,2024-09-10_Messung_Zeitz_2142.h5,Large Scale Experiment - Reference,600,6.13697916289276e-05,4.67241740024105e-05,5.10655728667816e-05,6.87153735251472e-05,6.7423436683216e-05,7.66285939990096e-05,5.57560855393977e-05,17.9588178333333,0,0,19.68,53,15.49,69,9.8,1.54,0.337309617084627,2.6,59.1859362173749,84.2160931496853,987.74,0,0,0,19.49,9.99,54,19.64,9.84,53,18.96,10.06,56
NaN,NaN,10-Sep-2024 21:52:52,2024-09-10_Messung_Zeitz_2152.h5,Large Scale Experiment - Reference,600,8.60754996397211e-05,7.47861448845364e-05,6.41804404480919e-05,0.000106433013662366,0.000110634002451461,8.86078051832609e-05,7.29210778637688e-05,17.8536726666665,0,0,19.62,53,15.32,69.9,9.9,1.38,0.257336787541584,2,-86.4019052419157,67.9096141064303,987.71,0,0,0,19.4,9.9,54,19.54,9.74,53,18.88,9.98,56
NaN,NaN,10-Sep-2024 22:03:08,2024-09-10_Messung_Zeitz_2203.h5,Large Scale Experiment - Reference,600,6.57145148515755e-05,5.17272229748184e-05,5.1555387190535e-05,5.84650863343786e-05,4.54823934222547e-05,3.31669381164351e-05,5.49689152047869e-05,17.7947816666664,0,0,19.59,53.5,15.27,70.1,9.89,0.79,0.218326971917504,1.5,22.2617094116942,12.2674671494521,987.55,0,0,0,19.4,9.9,54,19.59,9.81,53.1,18.8,10.06,56.8
NaN,NaN,10-Sep-2024 22:13:25,2024-09-10_Messung_Zeitz_2213.h5,Large Scale Experiment - Reference,600,0.00014608612845684,0.000113388988476795,9.73282796583484e-05,0.000130850944297842,0.000123470328696601,8.35582484784594e-05,0.000137663682869023,17.7315770000001,0,0,19.5,54,15.17,70.8,9.93,0.51,0.284604989415154,1.5,26.9389099438794,15.832683210702,987.52,0,0,0,19.49,9.99,54,19.6,9.8,53,18.8,10.1,57
NaN,NaN,10-Sep-2024 22:23:42,2024-09-10_Messung_Zeitz_2223.h5,Large Scale Experiment - Reference,600,5.26595076413619e-05,4.84097292388993e-05,3.71176229304973e-05,7.25460114472175e-05,4.58832208800503e-05,4.05144221056942e-05,4.8375347765354e-05,17.673686166667,0,0,19.45,54,15.1,71.1,9.92,0.72,0.34253953543107,1.5,39.6754652196776,15.2418551184007,987.37,0,0,0,19.5,10.02,54.1,19.68,9.88,53,18.8,10.1,57
NaN,NaN,10-Sep-2024 22:33:58,2024-09-10_Messung_Zeitz_2233.h5,Large Scale Experiment - Reference,600,9.2359187880815e-05,7.35522552401555e-05,5.70930394763442e-05,9.07829174337101e-05,8.78053522094685e-05,7.13561936096125e-05,9.03532761801301e-05,17.6036821666668,0,0,19.4,54,15.1,71.2,9.94,0.63,0.163639169448448,1.5,10.8132690560684,15.6605104869539,987.29,0,0,0,19.5,10.02,54.1,19.7,9.94,53.2,18.8,10.1,57
NaN,NaN,10-Sep-2024 22:44:15,2024-09-10_Messung_Zeitz_2244.h5,Large Scale Experiment - Reference,600,7.07504364683813e-05,5.51654438405855e-05,5.55271104449498e-05,5.55152887352523e-05,5.44208301492676e-05,5.66029269423217e-05,6.37126769790633e-05,17.5879661666668,0,0,19.33,54.5,15.1,71.4,9.98,0.7,0.205480466765633,1,32.0849415200933,14.1139006806695,987.24,0,0,0,19.5,10.16,54.8,19.61,10.01,54,18.74,10.04,57
NaN,NaN,10-Sep-2024 22:54:32,2024-09-10_Messung_Zeitz_2254.h5,Large Scale Experiment - Reference,600,5.76661849527007e-05,3.85789057753539e-05,4.66435274372892e-05,5.57094299785293e-05,3.86380824204758e-05,3.58476564297189e-05,5.62255239880294e-05,17.5709138333334,0,0,19.3,55,15.17,71.2,10.01,0.74,0.291356978445495,2,36.9269112851313,29.7304205193051,987.15,0,0,0,19.5,10.2,55,19.6,10,54,18.7,10.06,57.2
NaN,NaN,10-Sep-2024 23:04:49,2024-09-10_Messung_Zeitz_2304.h5,Large Scale Experiment - Reference,600,7.38743088753253e-05,5.85062213914663e-05,6.19365145626889e-05,8.02418490688923e-05,6.79517752312396e-05,4.97901003923161e-05,7.79032530080202e-05,17.5,0,0,19.26,55,15.26,71,10.06,0.52,0.214993539954628,2,14.1514587453997,32.5379567419113,987.28,0,0,0,19.5,10.2,55,19.58,10,54,18.7,10.3,58
NaN,NaN,10-Sep-2024 23:25:22,2024-09-10_Messung_Zeitz_2325.h5,Large Scale Experiment - Reference,600,0.000118910603443975,8.36502053759423e-05,6.76741042460082e-05,0.000135547580528782,0.000125151807224115,0.000108163350732216,0.000116243714342136,17.4501223333333,0,0,19.19,55,15.3,71,10.1,1.06,0.380642731296539,2,5.53426318186285,40.4633383825001,987.2,0,0,0,19.48,10.18,55,19.61,10.01,54,18.66,10.26,58
NaN,NaN,10-Sep-2024 23:35:39,2024-09-10_Messung_Zeitz_2335.h5,Large Scale Experiment - Reference,600,0.000157770032866229,0.00013583363041904,8.82713439484922e-05,0.000166386526749434,0.000152972610340373,0.000120495302765527,0.0001695971357632,17.3999999999999,0,0,19.1,55.3,15.3,71,10.1,1.02,0.29739610697594,2,27.2888914500131,53.090058427845,987.16,0,0,0,19.42,10.12,55,19.6,10,54,18.6,10.2,58
NaN,NaN,10-Sep-2024 23:45:56,2024-09-10_Messung_Zeitz_2345.h5,Large Scale Experiment - Reference,600,0.000161748708508845,0.000127686698872652,0.000108161386098523,0.000167191980546986,0.000138323486037166,0.000127569271259668,0.000156842814387887,17.4071604999999,0,0,19.1,56,15.3,71,10.1,0.91,0.237814119756493,1.5,21.2279896555252,29.884219796019,987.16,0,0,0,19.39,10.18,55.3,19.57,10.07,54.3,18.6,10.2,58
NaN,NaN,10-Sep-2024 23:56:13,2024-09-10_Messung_Zeitz_2356.h5,Large Scale Experiment - Reference,600,6.99517604443249e-05,6.07502724407431e-05,4.81018532461667e-05,0.00011018244450453,9.12735281607143e-05,7.14696981054923e-05,8.22789664227733e-05,17.3999999999999,0,0,19.04,56,15.41,70.4,10.09,0.95,0.126929551764398,1.5,35.1888103239389,40.1643834197427,987.12,0,0,0,19.3,10.3,56,19.43,10.13,55,18.52,10.42,59
NaN,NaN,11-Sep-2024 00:06:30,2024-09-11_Messung_Zeitz_0006.h5,Large Scale Experiment - Reference,600,4.32484604773291e-05,3.05705505303587e-05,2.77193527766528e-05,4.71463912298095e-05,4.25254769021898e-05,3.68237931595533e-05,5.1967558257777e-05,17.3999999999999,0,0,19,56,15.4,70.1,10.02,1.47,0.510010893129854,3.1,-70.0402808755213,89.6323235618564,987,0,0,0,19.23,10.23,56,19.36,10.09,55.1,18.5,10.4,59
NaN,NaN,11-Sep-2024 00:16:46,2024-09-11_Messung_Zeitz_0016.h5,Large Scale Experiment - Reference,600,6.60567111026638e-05,4.37746437990674e-05,3.9021650655393e-05,5.58753048227806e-05,4.68831290283733e-05,5.11257306761746e-05,5.47766778386345e-05,17.3999959999999,0,0,19,56,15.48,70,10.08,1.25,0.572033410057684,2.6,-38.067068263266,93.3672017132345,986.89,0,0,0,19.2,10.2,56,19.31,10.13,55.4,18.44,10.34,59
NaN,NaN,11-Sep-2024 00:37:20,2024-09-11_Messung_Zeitz_0037.h5,Large Scale Experiment - Reference,600,9.21978987708893e-05,7.38624996025201e-05,7.00851018743145e-05,9.29694162527101e-05,6.65298880199547e-05,6.57969568119473e-05,8.63229324487655e-05,17.3015421666664,0,0,18.9,56.7,15.4,69.8,9.96,1.46,0.671978835645555,4.1,36.9249109616999,69.4019801580307,986.48,0,0,0,19.16,10.25,56.3,19.23,10.23,56,18.4,10.3,59
NaN,NaN,11-Sep-2024 00:47:37,2024-09-11_Messung_Zeitz_0047.h5,Large Scale Experiment - Reference,600,2.37906183577721e-05,2.78903341949833e-05,3.47048602432627e-05,1.84695682883221e-05,1.98251150334444e-05,2.02695574840463e-05,2.7629927678096e-05,17.3059514999997,0,0,18.89,57,15.43,69,9.8,1.37,0.644722162382112,3.6,14.1707726771601,72.9733947187841,986.36,0,0,0,19.1,10.16,56.2,19.24,10.24,56,18.35,10.25,59
NaN,NaN,11-Sep-2024 00:57:54,2024-09-11_Messung_Zeitz_0057.h5,Large Scale Experiment - Reference,600,6.37837733990955e-05,5.28879832298969e-05,3.89609498421054e-05,5.85235529464478e-05,5.72279571043294e-05,4.91275555656679e-05,6.21280126460138e-05,17.2999999999997,0,0,18.83,57,15.4,69,9.8,1.46,0.693140998963735,3.6,-34.0312832594507,76.5120578078917,986.21,0,0,0,19.12,10.12,56,19.3,10.3,56,18.32,10.22,59
NaN,NaN,11-Sep-2024 01:08:11,2024-09-11_Messung_Zeitz_0108.h5,Large Scale Experiment - Reference,600,8.41826059727837e-05,6.37593236583954e-05,8.7925090017757e-05,6.46548122120213e-05,4.6361525031609e-05,4.61385391242861e-05,6.55479621143245e-05,17.3327408333331,0,0,18.8,57,15.4,69,9.8,1.33,0.702456008903365,3.1,-53.0111109847062,74.6718766952652,986.16,0,0,0,19.1,10.1,56,19.27,10.06,55.3,18.3,10.2,59
NaN,NaN,11-Sep-2024 01:28:44,2024-09-11_Messung_Zeitz_0128.h5,Large Scale Experiment - Reference,600,8.0386604870697e-05,6.80764952343377e-05,7.56111921495089e-05,7.28039540658938e-05,6.04298635114552e-05,4.88884902301825e-05,8.53833999362679e-05,17.2312656666668,0,0,18.77,57,15.45,69,9.8,1.63,0.520789998197183,4.1,33.9465279574242,100.927946873579,986.13,0,0,0,19,10.1,56,19.1,10.1,56,18.22,10.12,59
NaN,NaN,11-Sep-2024 01:39:01,2024-09-11_Messung_Zeitz_0139.h5,Large Scale Experiment - Reference,600,0.000106641429946052,9.68821475065012e-05,0.000100735036447237,0.000115834073903036,0.000100637140294433,0.000110216965004178,0.00010365487854657,17.2439665,0,0,18.7,57,15.4,69,9.8,1.32,0.617881685905787,3.1,-29.9353458040517,93.6713821096248,985.97,0,0,0,18.98,10.08,56,19.1,10.1,56,18.2,10.1,59
NaN,NaN,11-Sep-2024 01:59:34,2024-09-11_Messung_Zeitz_0159.h5,Large Scale Experiment - Reference,600,7.44327778107352e-05,6.17733357429387e-05,4.64266194718878e-05,6.96505271875872e-05,5.98118651590309e-05,4.57463641235196e-05,6.41974595887259e-05,17.2329973333334,0,0,18.68,57,15.35,69.1,9.77,1.08,0.446716415140025,3.1,18.3130986729446,75.5825706226317,985.79,0,0,0,18.91,10.01,56,19.09,10.1,56,18.2,10.1,59
NaN,NaN,11-Sep-2024 02:09:51,2024-09-11_Messung_Zeitz_0209.h5,Large Scale Experiment - Reference,600,8.55373159162188e-05,8.13977265741618e-05,7.69417951923625e-05,8.6416508300973e-05,8.04708818261953e-05,6.34518079225031e-05,8.16391042801011e-05,17.1634011666669,0,0,18.63,57,15.24,70,9.84,0.93,0.421768762343644,2,18.6203742906539,64.6905279161945,985.71,0,0,0,18.97,10.07,56,19.01,10.1,56,18.15,10.05,59
NaN,NaN,11-Sep-2024 02:20:08,2024-09-11_Messung_Zeitz_0220.h5,Large Scale Experiment - Reference,600,6.5691231485974e-05,6.09518123973926e-05,5.10191513164098e-05,7.64356985230712e-05,6.92191265982392e-05,5.2432783549915e-05,7.86742413988657e-05,17.1808311666669,0,0,18.6,57,15.19,70,9.79,1.26,0.589161362540952,2.6,81.5521112168175,82.4134278581713,985.61,0,0,0,19,10.1,56,19.1,10.04,55.7,18.11,10.01,59
NaN,NaN,11-Sep-2024 02:30:25,2024-09-11_Messung_Zeitz_0230.h5,Large Scale Experiment - Reference,600,0.000133689592564738,0.000100130126371517,8.06023696932089e-05,0.000136704291272176,0.000126764061418069,0.000112581722350208,0.000114678213383536,17.1422366666669,0,0,18.6,57,15.1,70.3,9.76,1.19,0.502106673039814,2.6,-16.817167280712,58.2515657429059,985.56,0,0,0,18.98,10.08,56,19.06,10.08,55.9,18.11,10.01,59
NaN,NaN,11-Sep-2024 02:40:42,2024-09-11_Messung_Zeitz_0240.h5,Large Scale Experiment - Reference,600,8.64800015055555e-05,6.49189838656389e-05,5.44812440091717e-05,8.95563968677544e-05,9.25502741176909e-05,8.49518368714529e-05,8.70924688819756e-05,17.1014103333335,0,0,18.55,57,15.1,70.1,9.72,1.24,0.512510162500869,3.1,-5.67974923836507,89.2324825303493,985.43,0,0,0,18.87,9.99,56.1,18.91,10.01,56,18.04,9.94,59
NaN,NaN,11-Sep-2024 02:50:58,2024-09-11_Messung_Zeitz_0250.h5,Large Scale Experiment - Reference,600,0.000125032404299456,0.000115342972591138,8.93138617339343e-05,0.000127791017941855,0.000127761308226869,0.000104819479683747,0.000129443436913861,17.0990066666668,0,0,18.51,57,15,70.4,9.68,1.2,0.405517502019881,2.6,56.1416975539073,57.060758786532,985.34,0,0,0,18.81,9.97,56.3,18.92,10.02,56,18.01,9.91,59
NaN,NaN,11-Sep-2024 03:01:15,2024-09-11_Messung_Zeitz_0301.h5,Large Scale Experiment - Reference,600,9.22804462356407e-05,8.95127028965477e-05,8.86864359456242e-05,0.000101533657983979,8.05009959148833e-05,8.30406488141805e-05,0.000102912629140087,17.0909990000001,0,0,18.5,57,14.99,71,9.79,1.43,0.371333931776897,2.6,67.3544316084303,92.4060459801076,985.37,0,0,0,18.8,10.1,57,18.89,9.99,56,18,9.98,59.4
NaN,NaN,11-Sep-2024 03:11:32,2024-09-11_Messung_Zeitz_0311.h5,Large Scale Experiment - Reference,600,4.19370319982869e-05,4.39432978821245e-05,3.73566038504088e-05,5.11380354797932e-05,4.86610365287676e-05,4.8798811681942e-05,5.28585560940938e-05,16.9919581666667,0,0,18.5,57,14.93,71,9.73,1,0.301846171271247,2,11.1904650801686,43.6886119425566,985.27,0,0,0,18.8,10.1,57,18.9,10,56,17.96,10.02,59.8
NaN,NaN,11-Sep-2024 03:21:48,2024-09-11_Messung_Zeitz_0321.h5,Large Scale Experiment - Reference,600,8.92382945663573e-05,7.59607612466862e-05,7.93722209452379e-05,9.66883075743363e-05,8.93962334551828e-05,6.32565749579755e-05,8.90718688678488e-05,16.9877195,0,0,18.43,57,14.82,71.2,9.66,0.9,0.586893895388634,3.1,41.8588686195773,43.3177755775102,985.12,0,0,0,18.8,10.08,56.9,18.9,10,56,17.92,10.02,60
NaN,NaN,11-Sep-2024 03:32:05,2024-09-11_Messung_Zeitz_0332.h5,Large Scale Experiment - Reference,600,8.14596120290917e-05,6.28734768420164e-05,5.78760898521131e-05,8.19060348028935e-05,6.70165458184264e-05,6.03349514276819e-05,8.16902224555606e-05,16.9384384999999,0,0,18.4,57,14.71,71.8,9.67,1.33,0.656675126849055,3.6,-11.1324706617805,86.0087851358956,985.03,0,0,0,18.77,10.07,57,18.77,9.87,56,17.89,9.99,60
NaN,NaN,11-Sep-2024 03:42:22,2024-09-11_Messung_Zeitz_0342.h5,Large Scale Experiment - Reference,600,0.000170829151337622,0.000141932851927125,0.000145393456429261,0.000188604805516843,0.000174961388140753,0.000170701770582061,0.000186103032730613,16.9004793333332,0,0,18.38,57,14.67,71.8,9.63,1.46,0.45752959831396,2.6,79.1748494551997,80.7035638730945,984.88,0,0,0,18.7,10,57,18.71,9.81,56,17.84,9.94,60
NaN,NaN,11-Sep-2024 03:52:38,2024-09-11_Messung_Zeitz_0352.h5,Large Scale Experiment - Reference,600,5.76597791560146e-05,4.46681070016571e-05,5.65158578698699e-05,5.3795910358868e-05,4.69310790953102e-05,4.14620604746333e-05,5.51447337416497e-05,16.8235948333331,0,0,18.32,57,14.6,71.5,9.5,1.64,0.544058820349418,3.1,20.8299172388325,100.578301896311,984.84,0,0,0,18.65,9.95,57,18.7,9.84,56.2,17.8,9.9,60
NaN,NaN,11-Sep-2024 04:13:12,2024-09-11_Messung_Zeitz_0413.h5,Large Scale Experiment - Reference,600,0.000115983122101131,8.61400094715832e-05,9.14963998107058e-05,0.000137257597418126,0.000134950905364605,0.000120521624608971,0.000120967012467715,16.7885301666664,0,0,18.25,58,14.6,71.2,9.44,1.74,0.47187568984497,3.1,-42.5908221597995,71.6108152367574,984.6,0,0,0,18.51,9.81,57,18.58,9.88,57,17.7,9.9,60
NaN,NaN,11-Sep-2024 04:23:29,2024-09-11_Messung_Zeitz_0423.h5,Large Scale Experiment - Reference,600,0.000103294891538557,9.13346719110651e-05,7.95604547418466e-05,0.000110729772597534,0.000112074693910763,9.96273899137199e-05,0.000104340017410553,16.746016,0,0,18.2,58,14.54,71.8,9.5,1.26,0.44522154285504,2.6,69.4341965148291,63.5636417578398,984.49,0,0,0,18.49,9.79,57,18.5,9.8,57,17.68,9.88,60
NaN,NaN,11-Sep-2024 04:33:46,2024-09-11_Messung_Zeitz_0433.h5,Large Scale Experiment - Reference,600,0.000138219232634559,0.000105495163113019,9.62281945312453e-05,0.00012106103542944,0.000109170845989736,9.1882836471858e-05,0.00012442443815769,16.6693786666669,0,0,18.19,58,14.48,71.5,9.38,1.24,0.575808610178378,3.1,35.2960769097712,83.3782030456302,984.31,0,0,0,18.5,9.8,57,18.53,9.83,57,17.6,9.8,60
NaN,NaN,11-Sep-2024 04:44:02,2024-09-11_Messung_Zeitz_0444.h5,Large Scale Experiment - Reference,600,8.7490246823285e-05,6.53184705311901e-05,4.89279915238605e-05,9.33522295607886e-05,7.87470736975907e-05,5.22514198108406e-05,9.05370386885374e-05,16.6317230000002,0,0,18.11,58,14.5,71.2,9.34,1.84,0.44522154285504,3.6,81.9950112115945,95.2518790352845,984.2,0,0,0,18.47,9.77,57,18.52,9.82,57,17.6,9.8,60
NaN,NaN,11-Sep-2024 04:54:19,2024-09-11_Messung_Zeitz_0454.h5,Large Scale Experiment - Reference,600,0.000142052853178018,0.000125642614650696,0.000111673355511123,0.000165583503925112,0.000151537236395443,0.000128795957169993,0.000142234862386071,16.6000000000002,0,0,18.1,58,14.59,70.9,9.37,1.83,0.692900505924993,4.6,-41.3473366786365,90.3792173289332,984.08,0,0,0,18.34,9.91,57.9,18.4,9.7,57,17.5,9.78,60.4
NaN,NaN,11-Sep-2024 05:04:35,2024-09-11_Messung_Zeitz_0504.h5,Large Scale Experiment - Reference,600,0.000145202991961675,0.000131413368548898,0.000117273319636505,0.00016504685583761,0.00014235288499638,0.000125930148144767,0.000148123670712101,16.5952443333335,0,0,18.08,58,14.59,70.9,9.37,1.28,0.339280283999986,3.1,63.0848213247473,80.4505275608303,983.99,0,0,0,18.2,9.8,58,18.3,9.7,57,17.49,9.73,60.2
NaN,NaN,11-Sep-2024 05:14:52,2024-09-11_Messung_Zeitz_0514.h5,Large Scale Experiment - Reference,600,0.000158084250555031,0.000126229772708797,0.000134460027046558,0.000164958323097801,0.000166390276017464,0.000135242470694844,0.000151171994650587,16.5894108333335,0,0,18,58,14.59,70.9,9.37,1.83,0.537587202228624,3.1,-30.1803284746284,60.199014371324,983.86,0,0,0,18.2,9.8,58,18.3,9.7,57,17.4,9.64,60.2
NaN,NaN,11-Sep-2024 05:25:09,2024-09-11_Messung_Zeitz_0525.h5,Large Scale Experiment - Reference,600,0.000255908123729646,0.000225776506507751,0.000187247406187091,0.000233398230867626,0.000204668507881407,0.000156262005605773,0.000240617676987579,16.5340830000001,0,0,17.99,58,14.6,70.8,9.36,1.55,0.56813535163531,3.6,-3.97239606817174,79.6492820107611,983.82,0,0,0,18.2,9.8,58,18.3,9.7,57,17.4,9.76,60.8
NaN,NaN,11-Sep-2024 05:35:26,2024-09-11_Messung_Zeitz_0535.h5,Large Scale Experiment - Reference,600,0.000230883594821511,0.000171153737848416,0.000169821269898078,0.000218148251469653,0.000194067280636872,0.000153475871696029,0.000218709080249755,16.5010376666667,0,0,17.97,58,14.63,70.3,9.29,2.11,0.756380268853644,5.1,20.0543769126275,68.7210935624796,983.6,0,0,0,18.12,9.72,58,18.24,9.64,57,17.4,9.8,61
NaN,NaN,11-Sep-2024 05:55:59,2024-09-11_Messung_Zeitz_0555.h5,Large Scale Experiment - Reference,600,0.000202969261339648,0.000186945898290785,0.000180968392525531,0.000190349466437587,0.000187939075316425,0.000164557142607589,0.000179435869663897,16.4904526666666,0,0,17.89,58,14.59,71,9.39,2.31,0.420185144377518,4.1,-7.89788767096478,75.4696963890546,983.37,0,0,0,18.03,9.63,58,18.16,9.56,57,17.3,9.7,61
NaN,NaN,11-Sep-2024 06:06:16,2024-09-11_Messung_Zeitz_0606.h5,Large Scale Experiment - Reference,600,0.000186363563094042,0.000148410946643093,0.000169896147121908,0.00018118472157542,0.000160267850837237,0.00015445836099344,0.000170759398672547,16.4309039999998,0,0,17.82,58,14.56,70.8,9.32,1.82,0.505085251330022,3.6,-41.9251790456291,76.1498374918305,983.24,0,0,0,18,9.6,58,18.05,9.65,58,17.26,9.66,61
NaN,NaN,11-Sep-2024 06:16:33,2024-09-11_Messung_Zeitz_0616.h5,Large Scale Experiment - Reference,600,0.000307428443051857,0.000265696753673137,0.000223278434999193,0.000315139833404675,0.000307824367571696,0.000215920743549992,0.000289610372270765,16.3999999999998,0,0,17.8,58,14.5,71,9.3,1.49,0.331494930412049,2.6,-13.748577156386,87.8182572630043,983.1,0,0,0,17.91,9.51,58,18,9.6,58,17.2,9.6,61
NaN,NaN,11-Sep-2024 06:26:50,2024-09-11_Messung_Zeitz_0626.h5,Large Scale Experiment - Reference,600,0.000332265136751229,0.000266348978684039,0.000281707897396757,0.000322402042661581,0.000284606353970148,0.00024617779006083,0.000304880094689152,16.3694361666664,0,0,17.77,58,14.5,71,9.3,1.88,0.706792441637257,3.6,-18.1418165184302,85.0082626643654,982.95,0.01,0,0,17.9,9.5,58,17.91,9.51,58,17.15,9.55,61
NaN,NaN,11-Sep-2024 06:37:06,2024-09-11_Messung_Zeitz_0637.h5,Large Scale Experiment - Reference,600,0.000282660521598931,0.000243206402881783,0.000209216159585973,0.000307983268132959,0.000304170570397672,0.000238122929073806,0.00027184195720787,16.3444649999997,0,0,17.7,58,14.5,71,9.3,1.99,0.4653553003411,3.6,-16.7380995090004,48.1960829198807,982.74,0.2,0,0,17.8,9.67,58.9,17.89,9.49,58,17.1,9.5,61
NaN,NaN,11-Sep-2024 06:47:23,2024-09-11_Messung_Zeitz_0647.h5,Large Scale Experiment - Reference,600,0.000300669780857284,0.000258061800941201,0.00027886205876363,0.000298899743298513,0.000294422881427701,0.000267215994672498,0.00028409261083304,16.3993624999998,0,0,17.7,58,14.53,70.9,9.31,2.05,0.757554545157567,4.6,16.4009592345291,78.7036438469277,982.69,0.48,0,0,17.8,9.7,59,17.85,9.45,58,17.1,9.5,61
NaN,NaN,11-Sep-2024 07:07:57,2024-09-11_Messung_Zeitz_0707.h5,Large Scale Experiment - Reference,600,0.000311441908201473,0.000262544138431477,0.000266695536304147,0.000315308791141831,0.000317238347582765,0.000284440721609267,0.000300675260519412,16.3990921666664,0,0,17.64,58.5,14.61,71,9.41,0.88,0.456557164487038,2.6,20.6813469690115,45.6369909957815,982.43,1.25,0,0,17.8,9.7,59,17.9,9.5,58,17.06,9.61,61.5
NaN,NaN,11-Sep-2024 07:18:13,2024-09-11_Messung_Zeitz_0718.h5,Large Scale Experiment - Reference,600,0.000269816599320687,0.000231300962986123,0.000237489458565186,0.000282270263262968,0.000254318751744337,0.000233119836615,0.000256444759055712,16.4053821666664,0,0,17.62,59,14.7,71,9.5,1.1,0.416333199893227,3.1,-0.130904519485498,85.5093657995644,982.43,3.19,0,0,17.89,9.52,58.1,17.9,9.5,58,17.03,9.49,61.2
NaN,NaN,11-Sep-2024 07:28:30,2024-09-11_Messung_Zeitz_0728.h5,Large Scale Experiment - Preparation,600,0.000238060066225249,0.000192739151168565,0.00019194264274586,0.000232910692245332,0.000233819169906375,0.000202718633226809,0.000227026681804884,16.3999999999998,0,0,17.6,59,14.77,70.6,9.49,1.17,0.498998997994986,3.6,23.5947050294016,52.3467138099655,982.22,4.75,0,0,17.78,9.65,58.9,17.82,9.42,58,17.04,9.74,62
NaN,NaN,11-Sep-2024 07:38:47,2024-09-11_Messung_Zeitz_0738.h5,Large Scale Experiment - Preparation,600,0.000183524358708741,0.000154039450649655,0.00020976467843493,0.000156148973561537,0.000153200661474773,0.000164308831303156,0.00014331737879283,16.4693524999999,0,0,17.54,59,14.8,70.1,9.42,1.76,0.275680975041804,3.1,-47.70793931672,50.2121859764282,982.35,5.59,0,0,17.7,9.6,59,17.79,9.57,58.6,17,9.7,62
NaN,NaN,11-Sep-2024 08:09:37,2024-09-11_Messung_Zeitz_0809.h5,Large Scale Experiment - Mass in Span 4,600,0.000327322326978695,0.000272294117385165,0.000273114350573811,0.000334128923993368,0.000321308109296136,0.000273490193281289,0.000301819819800383,16.6554400000002,39,27,17.5,59,15.17,69.3,9.63,2.13,0.555877684387492,4.1,-26.1376446917457,54.2139921805621,982.05,11.99,0,0,17.54,9.74,60,17.61,9.51,59,17,9.7,62
NaN,NaN,11-Sep-2024 08:19:54,2024-09-11_Messung_Zeitz_0819.h5,Large Scale Experiment - Mass in Span 4,600,0.000414903050767715,0.000359747756070705,0.000398534668820778,0.000459689233747027,0.000408505804218315,0.000373741630047889,0.000399306887215648,16.7000000000003,39,27,17.5,59,15.3,69,9.7,2.33,0.862876326918033,5.1,-15.2493692624964,87.9677960583382,982.16,8,0,0,17.56,9.76,60,17.68,9.58,59,17,9.7,62
NaN,NaN,11-Sep-2024 08:30:11,2024-09-11_Messung_Zeitz_0830.h5,Large Scale Experiment - Mass in Span 4,600,0.000229803211708965,0.000198586471169153,0.000204755612788698,0.000254805034707081,0.000214008445415258,0.000204158382353016,0.000217932959679506,16.7571781666666,39,27,17.5,59,15.31,69,9.71,2.25,0.622271823419816,5.1,26.185276482213,52.7991083531178,982.18,8.76,0,0,17.58,9.78,60,17.7,9.6,59,17.03,9.73,62
NaN,NaN,11-Sep-2024 08:40:28,2024-09-11_Messung_Zeitz_0840.h5,Large Scale Experiment - Mass in Span 4,600,0.000342228995558851,0.000284438901397221,0.000303912565991794,0.000317455135023034,0.000320388049714058,0.000301880071399671,0.000305465711131297,16.8170671666664,39,27,17.5,59,15.46,69.1,9.83,2.13,0.543752394630742,4.1,3.05521663649217,67.3201409033131,982.06,6.92,0,0,17.54,9.74,60,17.7,9.6,59,17.05,9.75,62
NaN,NaN,11-Sep-2024 08:50:45,2024-09-11_Messung_Zeitz_0850.h5,Large Scale Experiment - Mass in Span 4,600,0.000360557491518311,0.000292779226943609,0.000298763914915396,0.000394500833664064,0.000343709536892107,0.000358641883483726,0.000320621958010203,16.9201036666666,39,27,17.5,59.1,15.47,68.8,9.74,2.66,0.625744001613723,4.1,-4.16931168995648,46.4807252431911,982.07,6.21,0,0,17.54,9.74,60,17.7,9.6,59,17.08,9.78,62
NaN,NaN,11-Sep-2024 09:01:02,2024-09-11_Messung_Zeitz_0901.h5,Large Scale Experiment - Mass in Span 4,600,0.000326839219413805,0.000252130723114783,0.000280114965376113,0.000459994153947055,0.000389750039836085,0.000448099551498597,0.000332816021949908,16.9671546666666,39,27,17.5,59,15.48,68.9,9.78,2.99,0.743041796341976,7.7,1.90951896580268,27.7423660076116,982.11,10.3,0,0,17.52,9.72,60,17.71,9.61,59,17.1,9.8,62
NaN,NaN,11-Sep-2024 09:11:19,2024-09-11_Messung_Zeitz_0911.h5,Large Scale Experiment - Mass in Span 4,600,0.000335000446798605,0.000309276158711,0.000369163535571409,0.000328003398707061,0.000305960944705039,0.000298283507928859,0.000296582049876641,17,39,27,17.5,59,15.52,68.8,9.78,2.84,0.70427267446636,5.6,11.3762565711156,40.2171769996412,982.09,12.42,0,0,17.51,9.71,60,17.76,9.66,59,17.1,9.8,62
NaN,NaN,11-Sep-2024 09:21:36,2024-09-11_Messung_Zeitz_0921.h5,Large Scale Experiment - Mass in Span 4,600,0.000236962695920241,0.000191807239153052,0.000228851493825395,0.000254596153491168,0.000232014295513359,0.000242822694753003,0.000223618525608741,17.0756316666668,39,27,17.5,59.1,15.63,68.3,9.79,2.98,1.01631141334184,6.6,39.2334325909232,74.0024061402899,982.16,11.03,0,0,17.5,9.7,60,17.71,9.61,59,17.1,9.8,62
NaN,NaN,11-Sep-2024 09:31:53,2024-09-11_Messung_Zeitz_0931.h5,Large Scale Experiment - Mass in Span 4,600,0.000249956136019536,0.000194397516104757,0.000201042532116603,0.000276973979496641,0.000262818487859239,0.000259966648488134,0.000248881553101902,17.1000000000001,39,27,17.5,59,15.67,68.4,9.85,3.08,1.2769755936065,7.1,-0.481056634447301,83.1620115783453,982.04,10.54,0,0,17.5,9.7,60,17.73,9.63,59,17.1,9.8,62
NaN,NaN,11-Sep-2024 09:52:27,2024-09-11_Messung_Zeitz_0952.h5,Large Scale Experiment - Mass in Span 4,600,0.000244724806418004,0.000203297217305331,0.000217065649643168,0.000247090773615644,0.000225347846596992,0.000212997592524801,0.000224925741310491,17.1000000000001,39,27,17.6,59,15.47,69.9,10.03,2.38,1.04221985311268,6.1,44.1678591544109,28.2236642484536,982.25,10.02,0,0,17.5,9.72,60.1,17.79,9.69,59,17.1,9.8,62
NaN,NaN,11-Sep-2024 10:02:43,2024-09-11_Messung_Zeitz_1002.h5,Large Scale Experiment - Mass in Span 4,600,0.000338029349947297,0.000260585839539559,0.00032114597047509,0.000367673299839086,0.000323311901105242,0.000298095231347708,0.000307819895453464,17.1001325000001,39,27,17.59,59.9,15.44,69.7,9.97,2.69,0.699920630420971,5.6,-5.1368027487835,77.2543348944597,982.29,14.51,0,0,17.5,9.88,60.9,17.74,9.67,59.1,17.1,9.84,62.2
NaN,NaN,11-Sep-2024 10:13:00,2024-09-11_Messung_Zeitz_1013.h5,Large Scale Experiment - Mass in Span 4,600,0.00030222862111112,0.000269707859775797,0.000275299858548809,0.000334376405678203,0.000316537568141897,0.0002906557815288,0.000295832402760326,17.1221890000002,39,27,17.5909090909091,60,15.4545454545455,69.9090909090909,10.0272727272727,2.42727272727273,0.618208555571514,5.1,-2.86698277596599,44.8672075275549,982.418181818182,13,0,0,17.5,9.9,61,17.7,9.9,60,17.1090909090909,9.97272727272727,62.8181818181818
NaN,NaN,11-Sep-2024 10:23:17,2024-09-11_Messung_Zeitz_1023.h5,Large Scale Experiment - Mass in Span 4,600,0.000423214188821314,0.000357082488658052,0.000378976055654348,0.000457282564550107,0.000400075269926939,0.000508267014196593,0.000368814360567304,17.1700670000002,39,27,17.59,60,15.52,69.1,9.86,3.67,0.955742875696411,9.2,16.1479702356555,33.1040778335197,982.44,13.19,0,0,17.49,9.89,61,17.68,9.88,60,17.11,10.01,63
NaN,NaN,11-Sep-2024 10:33:34,2024-09-11_Messung_Zeitz_1033.h5,Large Scale Experiment - Mass in Span 4,600,0.000275449996166996,0.000234387670964914,0.000246163065850863,0.000305244849680336,0.000280765346404138,0.000233684755867701,0.000241120812061209,17.2000000000003,39,27,17.59,60,15.67,69.1,10,2.86,1.04477536128852,6.6,-9.42648275944383,67.2566923538614,982.32,12.96,0,0,17.5,9.9,61,17.69,9.89,60,17.13,10.03,63
NaN,NaN,11-Sep-2024 10:43:51,2024-09-11_Messung_Zeitz_1043.h5,Large Scale Experiment - Mass in Span 4,600,0.000295436467035904,0.000235967004803508,0.000280122306736807,0.000337656201694396,0.000321496387292154,0.000319743578493082,0.000304946586581519,17.2149848333335,39,27,17.6,60,15.7,69.2,10.06,2.67,0.787471339866481,7.1,0.144119686678576,37.8273330807746,982.36,11.76,0,0,17.46,9.92,61.3,17.7,9.9,60,17.16,10.06,63
NaN,NaN,11-Sep-2024 10:54:08,2024-09-11_Messung_Zeitz_1054.h5,Large Scale Experiment - Mass in Span 4,600,0.00025770784003841,0.000221226802770652,0.000288499501072018,0.000266765235600906,0.000259928052028081,0.000222406667049446,0.000234797928091498,17.2298868333334,39,27,17.6,60,15.61,69.4,10.03,3.04,0.946572765295938,7.1,31.5925646657253,34.6309818943476,982.47,13.73,0,0,17.48,9.98,61.5,17.7,9.9,60,17.2,10.1,63
NaN,NaN,11-Sep-2024 11:04:25,2024-09-11_Messung_Zeitz_1104.h5,Large Scale Experiment - Mass in Span 4,600,0.00037748738856812,0.00035812933088225,0.000355444573002333,0.000395244013500256,0.00040006596136669,0.000354194268770795,0.000361391503304537,17.248776,39,27,17.6,60,15.6,69.7,10.11,3.21,0.788035532193822,6.6,63.5479008940625,57.3526286650266,982.45,21.25,0,0,17.46,10.06,62,17.7,9.9,60,17.19,10.09,63
NaN,NaN,11-Sep-2024 11:14:42,2024-09-11_Messung_Zeitz_1114.h5,Large Scale Experiment - Mass in Span 4,600,0.000324725994912708,0.000297462588564583,0.000282959064903615,0.000355325555296054,0.000334747142061708,0.000354015160796433,0.000317354273948516,17.2974558333331,39,27,17.6,60,15.66,69.3,10.05,3.16,1.10373104614404,8.7,54.5011029037827,64.6604204886034,982.63,24.32,0,0,17.41,10.01,62,17.7,9.96,60.3,17.19,10.09,63
NaN,NaN,11-Sep-2024 11:24:59,2024-09-11_Messung_Zeitz_1124.h5,Large Scale Experiment - Mass in Span 4,600,0.000226346995240145,0.000184404900597557,0.000194057685684325,0.000256667592852258,0.00023412192746584,0.00021320655248131,0.000210078726382973,16.7854251666666,39,27,17.62,60.4,15.16,72.1,10.14,3.46,1.32262365521464,7.7,-52.4713331845572,93.8847460820598,983.4,7.21,0,0,17.44,10.04,62,17.78,9.92,60.1,17.19,10.17,63.4
NaN,NaN,11-Sep-2024 11:35:16,2024-09-11_Messung_Zeitz_1135.h5,Large Scale Experiment - Mass in Span 4,600,0.00026428831890323,0.000230451567494308,0.00023968133533954,0.000261115088394621,0.000250723754595868,0.000197331263165676,0.000226702526333429,16.0969915000001,39,27,17.54,61,12.45,81.4,9.33,2.11,0.882483868281895,6.6,-37.3470261082718,64.6447431496948,983.78,15.41,0,0,17.24,10.11,62.9,17.59,10.03,61.2,17.02,10.23,64.2
NaN,NaN,11-Sep-2024 11:45:33,2024-09-11_Messung_Zeitz_1145.h5,Large Scale Experiment - Mass in Span 4,600,0.000256415950305333,0.000218158418724393,0.000236872744415335,0.000276695433996613,0.00025207898727816,0.000224922643087267,0.000243032631412232,15.8711013333332,39,27,17.5,61.2,12.46,81.5,9.36,2.09,0.842549042423578,5.1,-38.2178152041654,23.8149451994713,983.87,16.05,0,0,17.04,10.14,63.8,17.45,10.05,62,16.89,10.29,65
NaN,NaN,11-Sep-2024 11:55:50,2024-09-11_Messung_Zeitz_1155.h5,Large Scale Experiment - Mass in Span 4,600,0.000207241949442715,0.000167872663735944,0.000173519555227718,0.000225274661694373,0.000205550416741521,0.000194269146464531,0.000198767644519962,15.7172266666668,39,27,17.41,62,12.56,81.1,9.38,1.4,0.920144916122818,5.6,-30.5443213360993,48.2593526137206,983.91,15.3,0,0,16.93,10.25,64.6,17.38,10.1,62.4,16.8,10.24,65.2
NaN,NaN,11-Sep-2024 12:06:07,2024-09-11_Messung_Zeitz_1206.h5,Large Scale Experiment - Mass in Span 4,600,0.000269313641097326,0.000238277509840839,0.000239789137221816,0.000288676071714379,0.000248990995049995,0.000206925782149553,0.000248975542082534,15.6133588333336,39,27,17.37,62,12.58,79.7,9.15,1.91,0.965459015759401,5.1,-41.8842686678856,50.3928412773179,984.02,14.61,0,0,16.92,10.18,64.3,17.3,10.2,63,16.72,10.32,66
NaN,NaN,11-Sep-2024 12:26:40,2024-09-11_Messung_Zeitz_1226.h5,Large Scale Experiment - Mass in Span 4,600,0.000387823899567349,0.000359928628103832,0.000332221557056936,0.000370257349991606,0.000343501365424613,0.000322876099583114,0.000337149628015566,15.3202018333331,39,27,17.25,62,12.2,81.4,9.08,2.41,1.05140118149279,5.1,-76.4214882504812,52.4191635916647,984.16,16.81,0,0,16.8,10.14,64.7,17.2,10.1,63,16.58,10.12,65.7
NaN,NaN,11-Sep-2024 12:36:57,2024-09-11_Messung_Zeitz_1236.h5,Large Scale Experiment - Mass in Span 4,600,0.000213499491348273,0.000177278546660945,0.000176063946718008,0.000239511707631212,0.000255140823854594,0.00026889039740375,0.000205310045492968,15.3538261666664,39,27,17.2,62,12.4,80.2,9.05,2.08,1.13998050665595,4.6,-5.1162227460579,91.4818897481976,984.07,23.84,0,0,16.88,10.08,64,17.2,10.1,63,16.45,10.07,66.1
NaN,NaN,11-Sep-2024 12:47:14,2024-09-11_Messung_Zeitz_1247.h5,Large Scale Experiment - Mass in Span 4,600,0.000207159820119732,0.000169723653986117,0.000186488358770026,0.000210068900627803,0.000204783204123135,0.000194250940345701,0.000179132203482198,15.4108726666664,39,27,17.19,62,12.77,79,9.27,1.7,0.724185366080014,5.1,-52.511079678722,56.9581307481414,984.27,19.41,0,0,16.9,10.1,64,17.2,10.1,63,16.41,10.15,66.7
NaN,NaN,11-Sep-2024 12:57:30,2024-09-11_Messung_Zeitz_1257.h5,Large Scale Experiment - Mass in Span 4,600,0.000320409225325261,0.000262792166047765,0.000286496753641318,0.000354672116481374,0.000341565491419669,0.000302242578687098,0.000307212072853097,15.4812278333333,39,27,17.12,62,12.83,78.3,9.19,2.45,0.895978670381041,5.1,-75.9387227316719,56.4751305245933,984.33,20.35,0,0,16.9,10.1,64,17.19,10.09,63,16.4,10.08,66.4
NaN,NaN,11-Sep-2024 13:07:47,2024-09-11_Messung_Zeitz_1307.h5,Large Scale Experiment - Mass in Span 4,600,0.000247813824647031,0.000194705098834079,0.000234227429000898,0.000289200598910194,0.000228109530605126,0.000214513099888065,0.000253905339428174,15.5021475,39,27,17.1,62.2,12.99,77.2,9.13,1.48,0.557374799095426,3.6,-78.3396445810249,95.5277911460765,984.22,17.26,0,0,16.9,10.1,64,17.2,10.1,63,16.4,10,66
NaN,NaN,11-Sep-2024 13:18:04,2024-09-11_Messung_Zeitz_1318.h5,Large Scale Experiment - Mass in Span 4,600,0.000287112207123138,0.000218706193222804,0.000256696140552525,0.00030257729498315,0.000290185808357498,0.000277259257840873,0.00026548690264856,15.5347993333334,39,27,17.03,62.4,13.07,77.4,9.2,1.83,0.800069441430624,4.1,-37.0678288717718,53.6215289909903,984.34,19.87,0,0,16.9,10.1,64,17.13,10.03,63,16.4,10,66
NaN,NaN,11-Sep-2024 13:28:21,2024-09-11_Messung_Zeitz_1328.h5,Large Scale Experiment - Mass in Span 4,600,0.000296830025527334,0.000237670983704474,0.000252424493871275,0.000304768562696564,0.000287991061762908,0.000253043684816015,0.000283686410633829,15.5643548333335,39,27,17,62.1,13.19,77.1,9.22,1.4,0.637704215656966,3.6,-65.3626561430612,58.3566430029321,984.26,20.49,0,0,16.9,10.1,64,17.14,10.04,63,16.4,10,66
NaN,NaN,11-Sep-2024 13:48:54,2024-09-11_Messung_Zeitz_1348.h5,Large Scale Experiment - Mass in Span 4,600,0.000214101337535105,0.000187944194942734,0.000206482779457944,0.00021649254154116,0.000207206903493003,0.000215120850864326,0.000183089306749801,15.7767649999998,39,27,16.99,62.6,13.53,75.1,9.24,1.49,0.849117188614151,4.1,-21.853817303436,50.6546161948048,984.36,20.29,0,0,16.89,10.09,64,17.14,10.04,63,16.4,10,66
NaN,NaN,11-Sep-2024 13:59:11,2024-09-11_Messung_Zeitz_1359.h5,Large Scale Experiment - Mass in Span 4,600,0.000337714606153648,0.000305908852735602,0.000283914061408471,0.000370143866150978,0.000385496437994451,0.000325121340668693,0.000298335813281718,15.8125138333331,39,27,16.92,62.1,13.65,74.6,9.27,1.24,1.05219347608275,5.6,-23.4665180371651,47.2678808919562,984.25,17.15,0,0,16.88,10.05,63.9,17.11,10.01,63,16.41,10.01,66
NaN,NaN,11-Sep-2024 14:09:28,2024-09-11_Messung_Zeitz_1409.h5,Large Scale Experiment - Mass in Span 4,600,0.00029376825658841,0.000256422572558571,0.00023273907446295,0.000316812930000928,0.000294992951102314,0.000278992637410896,0.000275036561965675,15.8392898333331,39,27,16.9,62.3,13.6,74.7,9.24,1.57,0.623698645180507,4.1,-46.8266849955365,62.7178778301634,984.39,16.37,0,0,16.81,10.01,64,17.1,9.96,62.8,16.4,9.94,65.7
NaN,NaN,11-Sep-2024 14:19:45,2024-09-11_Messung_Zeitz_1419.h5,Large Scale Experiment - Mass in Span 4,600,0.00023750000277123,0.00020624952276992,0.000276259468281956,0.000276000810883682,0.000253744333900883,0.000254770897914879,0.000239332574027981,15.8762816666664,39,27,16.9,62,13.6,74,9.1,1.65,0.698013053045731,3.6,-60.0584500699816,42.2583468740876,984.46,16.16,0,0,16.85,10.05,64,17.1,9.96,62.8,16.4,9.86,65.3
NaN,NaN,11-Sep-2024 14:30:02,2024-09-11_Messung_Zeitz_1430.h5,Large Scale Experiment - Mass in Span 4,600,0.000324628663866936,0.000242485044971184,0.000239062489338391,0.000363954428249376,0.000329652681057305,0.000298919919356065,0.000299059298059263,15.8999999999997,39,27,16.9,62,13.68,73.7,9.11,1.5,0.596284793999944,3.6,-36.9329518823531,48.1323270800553,984.65,15.52,0,0,16.88,9.84,63.2,17.1,9.8,62,16.4,9.8,65
NaN,NaN,11-Sep-2024 14:40:19,2024-09-11_Messung_Zeitz_1440.h5,Large Scale Experiment - Mass in Span 4,600,0.000228823109751414,0.000190800624973832,0.000172926755209837,0.000241644204952952,0.000237661757058647,0.000191175132708119,0.000220093732874852,15.8244531666664,39,27,16.9,62,13.74,73.1,9.04,1.2,0.539547135207955,3.6,-16.3328477293774,35.815893102592,984.72,15.04,0,0,16.8,9.73,63.1,17.08,9.78,62,16.4,9.8,65
NaN,NaN,11-Sep-2024 14:50:36,2024-09-11_Messung_Zeitz_1450.h5,Large Scale Experiment - Mass in Span 4,600,0.000184613098988394,0.000151262160011997,0.000167658513679567,0.000193176226845777,0.000169474776485472,0.000156466855357169,0.00017938988960547,15.8978068333331,39,27,16.89,62,13.8,73.3,9.15,1.19,0.395671019352638,2.6,-17.4887845672767,45.1440384513018,984.87,16.42,0,0,16.8,9.7,63,17.08,9.78,62,16.4,9.8,65
NaN,NaN,11-Sep-2024 15:00:53,2024-09-11_Messung_Zeitz_1500.h5,Large Scale Experiment - Mass in Span 4,600,0.000182896312532372,0.000147854502485849,0.000158614591175929,0.000183369439765551,0.00017780342783685,0.000168333146881535,0.000189878050327769,15.9031374999998,39,27,16.9,62,13.75,72.3,8.84,1.41,0.709381577306757,3.6,-14.0950673386801,65.9632331331783,985,12.9,0,0,16.8,9.7,63,17.08,9.78,62,16.4,9.8,65
NaN,NaN,11-Sep-2024 15:11:10,2024-09-11_Messung_Zeitz_1511.h5,Large Scale Experiment - Mass in Span 4,600,0.000259339459014661,0.000211521680676005,0.000223753345532769,0.000269894500503231,0.00025901477268624,0.000241261553364405,0.000235377622885031,15.9625614999999,39,27,16.89,62,13.85,71.9,8.83,1.01,0.589632654003038,2.6,0.07092816529187,33.2010313961189,985,16.03,0,0,16.8,9.7,63,17.04,9.74,62,16.4,9.8,65
NaN,NaN,11-Sep-2024 15:21:27,2024-09-11_Messung_Zeitz_1521.h5,Large Scale Experiment - Mass in Span 4,600,0.000233857445234491,0.000195723542679805,0.000187616426301171,0.000260837575279546,0.000250277661100684,0.000222354597615906,0.000217801358198825,15.9634623333332,39,27,16.9,62,13.8,72.1,8.83,1.36,0.710555338371959,3.6,-21.9289520257379,45.1931353379044,984.77,15.44,0,0,16.84,9.74,63,17.07,9.77,62,16.42,9.82,65
NaN,NaN,11-Sep-2024 15:31:44,2024-09-11_Messung_Zeitz_1531.h5,Large Scale Experiment - Mass in Span 4,600,0.000245216983783554,0.000218207983722307,0.00022834645664006,0.000249483678822583,0.000224109483697122,0.000193949222109978,0.00022422051991589,15.9623959999999,39,27,16.89,62,13.8,72.1,8.83,1.25,0.733712023435171,3.1,1.64085369579859,60.0356491144216,984.94,10.36,0,0,16.89,9.79,63,17.1,9.65,61.5,16.46,9.72,64.3
NaN,NaN,11-Sep-2024 15:42:01,2024-09-11_Messung_Zeitz_1542.h5,Large Scale Experiment - Mass in Span 4,600,0.000235908322048415,0.000194288592890155,0.000196190619317538,0.00026036185202527,0.000238943363129755,0.000192399766679153,0.000228421278265814,15.9799616666666,39,27,16.89,62,13.88,70.9,8.66,1.24,0.724492159301182,3.1,-18.9765203374488,81.1436729713816,985.11,15.34,0,0,16.9,9.6,62,17.1,9.5,61,16.44,9.66,64.1
NaN,NaN,11-Sep-2024 15:52:18,2024-09-11_Messung_Zeitz_1552.h5,Large Scale Experiment - Mass in Span 4,600,0.000224448476454765,0.000189277726383066,0.000189387532834829,0.000247903185081986,0.000247222812187623,0.000221857481199841,0.000201840833200393,15.9799656666666,39,27,16.85,61.1,14,67.8,8.16,1.38,0.404969134626332,3.1,-40.314985265026,24.6320120977212,985.27,15.46,0,0,16.81,9.56,62.3,17.02,9.42,61,16.42,9.56,63.7
NaN,NaN,11-Sep-2024 16:02:35,2024-09-11_Messung_Zeitz_1602.h5,Large Scale Experiment - Mass in Span 4,600,0.000250562125797072,0.000224309773254207,0.000225704234356335,0.000275458408972484,0.000254396216763015,0.000244593437064968,0.000224866050114929,16,39,27,16.81,61,14.06,67.1,8.03,1.06,0.646701030014815,2.6,-13.2462314660433,44.3409697579873,985.39,11.23,0,0,16.81,9.48,61.9,17.01,9.41,61,16.4,9.4,63
NaN,NaN,11-Sep-2024 16:12:52,2024-09-11_Messung_Zeitz_1612.h5,Large Scale Experiment - Mass in Span 4,600,0.000271264633747772,0.000217141470520204,0.000222076034894687,0.000266892585398322,0.000262044277671238,0.000241197036315135,0.000254193198400929,16,39,27,16.82,60.4,14.07,65.8,7.77,1.05,0.386580450158107,2.6,-20.0265946260499,25.706031285052,985.21,14.27,0,0,16.8,9.16,60.8,17,9.24,60.2,16.41,9.35,62.8
NaN,NaN,11-Sep-2024 16:23:08,2024-09-11_Messung_Zeitz_1623.h5,Large Scale Experiment - Mass in Span 4,600,0.000313992245629007,0.000252604833521288,0.000247965800445979,0.000342406736384635,0.000366503971568257,0.000275385281759098,0.000285176158313779,16.0568985000001,39,27,16.8,60,14.05,62.4,6.96,0.99,0.62262883539607,3.1,13.3414671943728,20.2217598952728,985.25,22.92,0,0,16.8,9.2,61,17,9.2,60,16.41,9.11,62
NaN,NaN,11-Sep-2024 16:33:25,2024-09-11_Messung_Zeitz_1633.h5,Large Scale Experiment - Mass in Span 4,600,0.000245880903841795,0.000213490469661074,0.000247978827680728,0.000244352959323082,0.00022718065863923,0.000193094281881298,0.000222840599162933,16.1000000000003,39,27,16.8,59,14.16,63,7.25,1.13,0.569697775628057,3.1,-30.3347392067405,47.7757664603569,985.37,14.64,0,0,16.86,9.12,60.3,17.01,9.03,59.1,16.41,8.95,61.2
NaN,NaN,11-Sep-2024 16:43:42,2024-09-11_Messung_Zeitz_1643.h5,Large Scale Experiment - Mass in Span 4,600,0.000280124588200995,0.000204680531134621,0.000234998517275342,0.000274776118814751,0.000258688859459538,0.000247558722277212,0.000237544159151837,16.1001293333336,39,27,16.8,59,14.1,64.3,7.46,0.91,0.460555220479707,2,-10.8818445812507,47.0917101618093,985.53,11.27,0,0,16.86,9.04,59.9,17,8.88,58.6,16.41,8.91,61
NaN,NaN,11-Sep-2024 16:53:59,2024-09-11_Messung_Zeitz_1653.h5,Large Scale Experiment - Mass in Span 4,600,0.000265183188199547,0.000239999926038076,0.000205610134537484,0.000306997821586814,0.000306587565261785,0.000250835918234565,0.000246695615178208,16.1273183333336,39,27,16.8,59,14.02,65.6,7.67,1.08,0.421109645262767,2.6,1.84382754018078,42.0773730288907,985.59,10.28,0,0,16.87,8.89,59.1,17.01,8.8,58.3,16.4,8.9,61
NaN,NaN,11-Sep-2024 17:04:16,2024-09-11_Messung_Zeitz_1704.h5,Large Scale Experiment - Mass in Span 4,600,0.000215426155898884,0.000190089858269072,0.00021931564518081,0.00023216530223233,0.000208885110332085,0.000172891590264835,0.000192364576423364,16.1727543333336,39,27,16.8,59,13.93,67.6,8.05,1.5,0.416333199893227,2,-55.3860502492893,66.2303293750532,985.51,9.76,0,0,16.94,8.94,59,17.12,8.96,58.7,16.46,8.96,61
NaN,NaN,11-Sep-2024 17:14:33,2024-09-11_Messung_Zeitz_1714.h5,Large Scale Experiment - Mass in Span 4,600,0.000225187942326169,0.000194691787499145,0.000183597804821033,0.000222051465654791,0.000220205396324744,0.000226972711451643,0.00018757049959227,16.2019266666669,39,27,16.81,59,13.99,69.7,8.53,0.31,0.404007700696685,1,10.1592754778524,24.4336136566353,985.56,7.82,0,0,17.02,9,59,17.2,8.92,58.1,16.5,9,61
NaN,NaN,11-Sep-2024 17:24:50,2024-09-11_Messung_Zeitz_1724.h5,Large Scale Experiment - Mass in Span 4,600,0.000194300692282183,0.000197022959105236,0.000203188081530096,0.000203487374996918,0.000204337439646546,0.0002090479553427,0.000176894631909529,16.2267213333335,39,27,16.81,59,14.01,69.8,8.57,0.7,0.51207638319124,1.5,32.666720932023,19.2361322244689,985.58,8.23,0,0,17.02,8.92,58.7,17.13,8.83,58,16.5,9,61
NaN,NaN,11-Sep-2024 17:35:07,2024-09-11_Messung_Zeitz_1735.h5,Large Scale Experiment - Mass in Span 4,600,0.000175604602248642,0.000157039739777386,0.000128012761073267,0.000179570601549587,0.000189861069278753,0.000145171476535565,0.000169657063636332,16.250672,39,27,16.89,59,14,71.3,8.86,0,0,0,13.8998848306194,1.3747505129649,985.49,7.69,0,0,17.08,8.97,58.9,17.1,8.94,58.7,16.5,9,61
NaN,NaN,11-Sep-2024 17:45:23,2024-09-11_Messung_Zeitz_1745.h5,Large Scale Experiment - Mass in Span 4,600,0.000156699985984224,0.000125512770746278,0.000154520112795303,0.000223907359981631,0.000193358428362611,0.000198550774785486,0.000175856071014747,16.2001055000003,39,27,16.9,59,14.07,71.9,9.07,0.13,0.133749350984926,0.5,15.4021701961874,4.45343315212988,985.48,5.97,0,0,17.09,8.93,58.7,17.1,9,59,16.5,9,61
NaN,NaN,11-Sep-2024 17:55:40,2024-09-11_Messung_Zeitz_1755.h5,Large Scale Experiment - Mass in Span 4,600,0.000183286217273252,0.000151903412198965,0.000152939687577719,0.000205324190372028,0.000220254643163102,0.000164204907353133,0.000174595210335533,16.1720175000003,39,27,16.9,59,13.93,72.3,9.02,0.45,0.368932393686311,1.5,8.59808677569026,3.55498169568546,985.56,6.35,0,0,17,9,59,17.1,8.86,58.3,16.5,9.06,61.3
NaN,NaN,11-Sep-2024 18:05:57,2024-09-11_Messung_Zeitz_1805.h5,Large Scale Experiment - Mass in Span 4,600,0.000125730039653994,0.000111627208856193,0.000108942831926897,0.000139017701020011,0.000126191688579557,0.000106683398184042,0.000111194552439829,16.2000000000003,39,27,16.9,59,13.9,72.8,9.14,0.69,0.233095116493961,1.5,-3.21274358049464,7.09518772893096,985.58,6.68,0,0,17,9,59,17.1,8.84,58.2,16.46,9.16,62
NaN,NaN,11-Sep-2024 18:16:14,2024-09-11_Messung_Zeitz_1816.h5,Large Scale Experiment - Mass in Span 4,600,0.000101418197856786,8.93442756751441e-05,0.000110617890030746,0.000119095498547348,0.000103100250186927,0.000105537403113395,0.000102824741739077,16.3003858333331,39,27,16.87,59,13.83,72.7,9.04,1.06,0.0966091783079296,1.5,6.38782455683994,51.7277904122968,985.65,11.04,0,0,17.03,9,59,17.15,8.85,58,16.48,9.18,62
NaN,NaN,11-Sep-2024 18:26:31,2024-09-11_Messung_Zeitz_1826.h5,Large Scale Experiment - Mass in Span 4,600,0.000146546218225075,0.000110071151516841,0.000112492314636621,0.000159042126839295,0.000141194389473591,0.000143760197199751,0.000164863146246395,16.3205388333331,39,27,16.84,59,13.85,73,9.15,0.85,0.158113883008419,1,2.5,13.52656937594,985.77,11.05,0,0,17.07,9,59,17.2,8.9,58,16.5,9.2,62
NaN,NaN,11-Sep-2024 18:47:05,2024-09-11_Messung_Zeitz_1847.h5,Large Scale Experiment - Mass in Span 4,600,9.53991190357603e-05,7.97490744990961e-05,8.05550763882958e-05,0.000100106067428638,9.23124686380442e-05,8.81570160189569e-05,9.33648987666254e-05,16.0992435000002,39,27,16.86,59.5,13.69,71.8,8.65,0.59,0.13703203194063,1,22.0950520619572,18.37960291878,985.82,5.42,0,0,16.99,9.19,60,17.1,9,59,16.4,9.4,63
NaN,NaN,11-Sep-2024 18:57:22,2024-09-11_Messung_Zeitz_1857.h5,Large Scale Experiment - Mass in Span 4,600,0.000121573935393815,0.000103220266493538,0.000126603537388328,0.000118128696455841,0.000108048570836758,9.93480010542855e-05,0.000103853339348516,16.0220146666667,39,27,16.81,60,13.6,72,8.6,0.6,1.1702778228589e-16,1,-8.51446849195597,6.87252467163315,985.83,2.49,0,0,16.9,9.1,60,17.03,9,59,16.35,9.35,63
NaN,NaN,11-Sep-2024 19:07:39,2024-09-11_Messung_Zeitz_1907.h5,Large Scale Experiment - Mass in Span 4,600,0.000131329002374225,0.000108076144172783,0.000119474860913138,0.000152572806294038,0.000139629009379457,0.000129717908572699,0.000130329193079516,15.9621781666666,39,27,16.8,60,13.57,72,8.57,0.57,0.0483045891539648,1,-5.56761164514396,11.4554848141056,985.92,1.86,0,0,16.9,9.1,60,17,9,59,16.3,9.3,63
NaN,NaN,11-Sep-2024 19:17:56,2024-09-11_Messung_Zeitz_1917.h5,Large Scale Experiment - Mass in Span 4,600,0.000176657323711933,0.000143942083230279,0.000133245652109021,0.000150932963433736,0.000159733012890548,0.000116809246523858,0.000143402555376042,15.8999999999997,39,27,16.8,60,13.5,72,8.5,0.5,0,0.5,12,8.53773646251594e-07,985.97,1.3,0,0,16.91,9.11,60,17.06,9,59,16.3,9.3,63
NaN,NaN,11-Sep-2024 19:28:13,2024-09-11_Messung_Zeitz_1928.h5,Large Scale Experiment - Mass in Span 4,600,4.41592177285455e-05,3.3356990158671e-05,4.16443780935614e-05,5.32732769557667e-05,4.71823811429693e-05,4.9614705262984e-05,4.14490902126476e-05,15.8951976666664,39,27,16.8,60,13.41,73.8,8.86,0.41,0.0316227766016838,0.5,31.8389442458897,6.57547049603472,986,0.58,0,0,16.99,9.19,60,17.1,9,59,16.3,9.3,63
NaN,NaN,11-Sep-2024 19:38:30,2024-09-11_Messung_Zeitz_1938.h5,Large Scale Experiment - Mass in Span 4,600,0.000149304252915429,0.000125429633377732,0.000127508469718172,0.000168952427925759,0.000160974341153231,0.000132954094970032,0.0001332801056747,15.8157426666665,39,27,16.8,60,13.4,74,8.9,0.4,5.8513891142945e-17,0.5,34,1.20741826972573e-06,986.03,0.5,0,0,16.99,9.19,60,17.1,9,59,16.3,9.3,63
NaN,NaN,11-Sep-2024 19:48:46,2024-09-11_Messung_Zeitz_1948.h5,Large Scale Experiment - Mass in Span 4,600,0.000111384984312223,9.43811426225416e-05,8.94658760746577e-05,0.000104477310419279,9.48826908768962e-05,7.37853838315456e-05,9.66141927482056e-05,15.6824123333336,39,27,16.79,60,13.36,74.2,8.9,0.41,0.0316227766016838,0.5,31.8389442458897,6.57547049603472,986.27,0.45,0,0,17,9.2,60,17.1,9,59,16.3,9.3,63
NaN,NaN,11-Sep-2024 20:09:20,2024-09-11_Messung_Zeitz_2009.h5,Large Scale Experiment - Mass in Span 4,600,9.34861606105535e-05,8.15092093681263e-05,7.81210630417399e-05,9.38528240081291e-05,9.28737656157628e-05,7.77712565193524e-05,8.1507384895592e-05,15.3807323333333,39,27,16.7,60,12.82,74.9,8.5,0.21,0.251440295541948,1.5,11.6228405343797,5.55694775734784,986.49,0,0,0,16.94,9.14,60,16.86,9.04,59.9,16.26,9.26,63
NaN,NaN,11-Sep-2024 20:19:36,2024-09-11_Messung_Zeitz_2019.h5,Large Scale Experiment - Mass in Span 4,600,5.2691850566224e-05,4.96278528502511e-05,4.36817006799628e-05,5.58664929673571e-05,4.86852697360878e-05,4.40530740010451e-05,5.39958630189149e-05,15.3350148333331,39,27,16.69,60,12.8,74.2,8.34,0,0,0,13.1997635236554,1.88674510184711,986.57,0,0,0,16.86,9.06,60,16.81,9.01,60,16.2,9.2,63
NaN,NaN,11-Sep-2024 20:29:53,2024-09-11_Messung_Zeitz_2029.h5,Large Scale Experiment - Mass in Span 4,600,0.000155957306936843,0.000131212238317602,9.79237356044773e-05,0.000153272056694578,0.000142293205024391,9.83350032705498e-05,0.000122698727628085,15.3419098333332,39,27,16.62,60,12.71,76.5,8.71,0,0,0,14.5998439643946,1.95958798922904,986.61,0,0,0,16.9,9.1,60,16.87,9.07,60,16.2,9.2,63
NaN,NaN,11-Sep-2024 20:50:27,2024-09-11_Messung_Zeitz_2050.h5,Large Scale Experiment - Mass in Span 4,600,8.21481461586377e-05,6.12660519215789e-05,4.04305226377669e-05,9.30001507665654e-05,8.95544522920393e-05,9.03015726796965e-05,8.2527904677564e-05,15.2231171666668,39,27,16.6,60,12.34,77.5,8.54,0,0,0,15.7999926888419,0.748327230346761,986.67,0,0,0,16.95,9.15,60,16.9,9.1,60,16.14,9.14,63
NaN,NaN,11-Sep-2024 21:00:43,2024-09-11_Messung_Zeitz_2100.h5,Large Scale Experiment - Mass in Span 4,600,6.58919170627229e-05,5.41288791702845e-05,3.62165474397506e-05,5.61717761302707e-05,5.26459178769923e-05,4.10418234879731e-05,5.67534260737397e-05,15.0674838333335,39,27,16.55,60.6,12.26,78.1,8.58,0,0,0,14.8000658143234,1.46969096451376,986.68,0,0,0,16.9,9.1,60,16.83,9.03,60,16.1,9.1,63
NaN,NaN,11-Sep-2024 21:21:17,2024-09-11_Messung_Zeitz_2121.h5,Large Scale Experiment - Mass in Span 4,600,0.000142501793279182,0.000129539496037179,9.5215283500886e-05,0.000140317630543952,0.000135598070095585,0.000112919331332905,0.000126084583679301,14.9151201666665,39,27,16.46,61,12.1,80,8.8,0.4,0.210818510677892,0.5,6.59750233552157,3.19914913671264,986.9,0,0,0,16.9,9.1,60,16.8,9,60,16.09,9.09,63
NaN,NaN,11-Sep-2024 21:31:33,2024-09-11_Messung_Zeitz_2131.h5,Large Scale Experiment - Mass in Span 4,600,6.46434824579283e-05,5.71639183991323e-05,6.53790104532393e-05,6.22557864374718e-05,6.08235649068394e-05,4.97057094547067e-05,5.71557745096887e-05,14.7306235000001,39,27,16.41,61,12.18,79,8.68,0.46,0.245854518861144,1,5.5998683886783,1.19995234876166,986.97,0,0,0,16.89,9.09,60,16.8,9,60,16.01,9.01,63
NaN,NaN,11-Sep-2024 21:41:50,2024-09-11_Messung_Zeitz_2141.h5,Large Scale Experiment - Mass in Span 4,600,0.000200243350915808,0.000203302593960721,0.000163154633527794,0.000172590230792125,0.000171753550899757,0.000149126792827598,0.000158774043782809,14.6841271666669,39,27,16.4,61,12.13,79,8.63,0.29,0.268535120814971,1,9.80125000363214,3.91924957481227,987.02,0,0,0,16.82,9.02,60,16.74,8.94,60,15.99,8.99,63
NaN,NaN,11-Sep-2024 21:52:07,2024-09-11_Messung_Zeitz_2152.h5,Large Scale Experiment - Mass in Span 4,600,5.60490997784307e-05,4.17152254076012e-05,5.94511771756909e-05,7.19931371168328e-05,6.37580840784005e-05,7.35066055870702e-05,6.06762517891342e-05,14.6264251666668,39,27,16.3,61,12.1,79,8.6,0.1,1.46284727857363e-17,0.5,13,8.53773646251594e-07,987,0,0,0,16.8,9,60,16.72,8.92,60,15.9,8.9,63
NaN,NaN,11-Sep-2024 22:02:24,2024-09-11_Messung_Zeitz_2202.h5,Large Scale Experiment - Mass in Span 4,600,2.79774335146549e-05,2.01276802564405e-05,1.59352011365482e-05,4.19538770054958e-05,3.02896410345181e-05,3.13884732584627e-05,3.58933833206977e-05,14.6053671666667,39,27,16.3,61,11.94,80.2,8.66,0.02,0.0632455532033676,0.5,14.9010125898349,2.80858212391654,986.99,0,0,0,16.75,9.09,60.7,16.64,9.04,60.7,15.9,8.9,63
NaN,NaN,11-Sep-2024 22:12:41,2024-09-11_Messung_Zeitz_2212.h5,Large Scale Experiment - Mass in Span 4,600,0.000119795021125737,0.000105762059952853,9.15525067899933e-05,0.000115017559280273,0.000119975494029529,7.61778791922353e-05,0.000107515853308519,14.4317179999998,39,27,16.24,61,11.7,79.1,8.22,0.02,0.0632455532033676,0.5,12.6002339507295,1.19984571882603,987.15,0,0,0,16.7,9.08,60.9,16.6,9.1,61,15.88,9.06,63.9
NaN,NaN,11-Sep-2024 22:22:58,2024-09-11_Messung_Zeitz_2222.h5,Large Scale Experiment - Mass in Span 4,600,9.5073606095594e-05,7.08215256623228e-05,7.10635932980757e-05,8.49150342635828e-05,7.64282120627064e-05,6.53249440786574e-05,8.49444818353817e-05,14.5154553333334,39,27,16.2,61.8,11.62,81.2,8.47,0,0,0,11.1001305337797,3.29994238437105,987.17,0,0,0,16.69,9.1,61,16.62,9.1,61,15.81,9.01,64
NaN,NaN,11-Sep-2024 22:43:31,2024-09-11_Messung_Zeitz_2243.h5,Large Scale Experiment - Mass in Span 4,600,2.48927305905163e-05,2.448847778513e-05,2.73192666627086e-05,2.54751405288491e-05,3.65947443152974e-05,3.89830875943938e-05,2.1157164337368e-05,14.2819589999998,39,27,16.1,62,11.52,82,8.52,0.45,0.212132034355964,1,12.704646731025,5.44131639809045,987.39,0,0,0,16.7,9.1,61,16.7,9.1,61,15.73,8.93,64
NaN,NaN,11-Sep-2024 22:53:48,2024-09-11_Messung_Zeitz_2253.h5,Large Scale Experiment - Mass in Span 4,600,3.39063161517238e-05,2.87540396190737e-05,2.94423117391465e-05,3.37224782581415e-05,4.71095097567958e-05,5.12650933387564e-05,3.05979979486201e-05,14.1561491666669,39,27,16.05,62,11.45,81.6,8.37,0.47,0.0948683298050514,1,4.66446923671458,7.51429247001105,987.3,0,0,0,16.71,9.11,61,16.7,9.1,61,15.7,8.9,64
NaN,NaN,11-Sep-2024 23:24:38,2024-09-11_Messung_Zeitz_2324.h5,Large Scale Experiment - Mass in Span 4,600,0.000112724925374095,9.49523725756596e-05,7.79569281541385e-05,0.000121191935828669,0.000101614761107544,8.82473367905261e-05,0.000110178105689661,13.9713701666666,39,27,15.9,62,11.46,75.8,7.32,0.2,0.258198889747161,1,2.21207257672831,8.33094567674249,987.51,0,0,0,16.6,9.1,61,16.5,9,61,15.56,8.76,64
NaN,NaN,11-Sep-2024 23:45:11,2024-09-11_Messung_Zeitz_2345.h5,Large Scale Experiment - Mass in Span 4,600,0.000134837449239795,0.00012695003478762,0.000111789947991643,0.00013487306236319,0.000129855801837282,9.75949218930303e-05,0.000132209008275239,13.8401909999998,39,27,15.8,62,11.4,74,7,0.76,0.309838667696593,1.5,-2.01972136501194,9.80340952065869,987.77,0,0,0,16.51,8.71,60,16.41,8.91,61,15.5,8.79,64.3
NaN,NaN,12-Sep-2024 00:05:45,2024-09-12_Messung_Zeitz_0005.h5,Large Scale Experiment - Mass in Span 4,600,3.78065612157686e-05,5.10208682794013e-05,3.42210376651702e-05,4.13937020138328e-05,4.50605708101722e-05,6.9328567888667e-05,3.68176734792235e-05,13.8122596666664,39,27,15.71,62,11.4,74.1,6.99,0.03,0.0948683298050514,0.5,10.3214268418404,6.77649499844051,987.88,0,0,0,16.43,8.63,60,16.3,8.59,60.3,15.4,8.9,65
NaN,NaN,12-Sep-2024 00:16:02,2024-09-12_Messung_Zeitz_0016.h5,Large Scale Experiment - Mass in Span 4,600,8.2307244053698e-05,7.23706695046415e-05,5.77002401337361e-05,8.59205123350663e-05,7.8478071731877e-05,4.75616028592037e-05,7.66516379725947e-05,13.6942488333335,39,27,15.7,62,11.35,74,6.95,0.16,0.236643191323985,0.5,10.7004491611331,1.95177335057436,987.93,0,0,0,16.4,8.6,60,16.27,8.56,60.3,15.32,8.82,65
NaN,NaN,12-Sep-2024 00:36:36,2024-09-12_Messung_Zeitz_0036.h5,Large Scale Experiment - Mass in Span 4,600,4.34939368576036e-05,3.5767271312815e-05,3.17383396460669e-05,4.02670836324201e-05,4.32006163379401e-05,3.90796131329857e-05,3.77555940325233e-05,13.6096820000002,39,27,15.57,62,11.21,74.9,6.93,0.12,0.198885785202351,1,12.8044058249745,3.70700858235183,987.87,0,0,0,16.28,8.69,60.7,16.09,8.42,60.4,15.24,8.74,65
NaN,NaN,12-Sep-2024 00:57:09,2024-09-12_Messung_Zeitz_0057.h5,Large Scale Experiment - Mass in Span 4,600,5.0379890224772e-05,3.53510548512671e-05,3.89234335824181e-05,5.70833822106154e-05,4.59360917016525e-05,4.34121193914742e-05,4.68026527510685e-05,13.5630945000001,39,27,15.47,62,11.1,74,6.7,0.13,0.141813649241218,0.5,12.4004491740832,4.19988082442949,987.98,0,0,0,16.29,8.49,60,16.08,8.3,60,15.2,8.7,65
NaN,NaN,12-Sep-2024 01:07:26,2024-09-12_Messung_Zeitz_0107.h5,Large Scale Experiment - Mass in Span 4,600,6.89801171126042e-05,6.04430602253192e-05,4.6868276015287e-05,8.10018495869468e-05,8.99226490621636e-05,9.51874869593492e-05,6.39557437803076e-05,13.4912495,39,27,15.42,62,11.09,73.1,6.51,0.15,0.177951304200522,0.5,10.7997365623045,3.31053892377198,988.15,0,0,0,16.2,8.4,60,16,8.36,60.3,15.11,8.61,65
NaN,NaN,12-Sep-2024 01:17:43,2024-09-12_Messung_Zeitz_0117.h5,Large Scale Experiment - Mass in Span 4,600,4.14052761465144e-05,3.37421815672659e-05,4.51777691655075e-05,4.89899736205647e-05,4.18219409246027e-05,2.98043781584689e-05,4.00424958865721e-05,13.4818376666666,39,27,15.4,62,11,73,6.4,0.4,0.290593262902712,1.5,8.59947768312828,3.85165057626278,988.25,0,0,0,16.2,8.4,60,15.98,8.28,60,15.1,8.6,65
NaN,NaN,12-Sep-2024 01:28:00,2024-09-12_Messung_Zeitz_0128.h5,Large Scale Experiment - Mass in Span 4,600,2.7512938495122e-05,2.30002258738734e-05,2.92287577483555e-05,2.50524663697969e-05,2.40277521799934e-05,2.71890546802081e-05,2.2941650071118e-05,13.3781121666665,39,27,15.3272727272727,61.9090909090909,10.9636363636364,72.6363636363636,6.25454545454545,0.736363636363636,0.410542877840372,1.5,2.65036948984159,9.14988878769664,988.290909090909,0,0,0,16.1090909090909,8.36363636363636,60.1818181818182,15.9090909090909,8.20909090909091,60,15.0727272727273,8.48181818181818,64.6363636363636
NaN,NaN,12-Sep-2024 01:38:17,2024-09-12_Messung_Zeitz_0138.h5,Large Scale Experiment - Mass in Span 4,600,0.000137268459433933,0.0001273230823886,7.76209656006112e-05,0.000133541595739792,0.000132036567898156,7.11550121589301e-05,0.000105235745739316,13.2039703333335,39,27,15.3,61,10.9,72.9,6.27,0.13,0.170293863659264,0.5,10.5187440001966,5.7565186355473,988.26,0,0,0,16,8.38,60.4,15.83,8.13,60,15.01,8.3,64
NaN,NaN,12-Sep-2024 01:48:33,2024-09-12_Messung_Zeitz_0148.h5,Large Scale Experiment - Mass in Span 4,600,7.48566772545119e-05,6.34990097526317e-05,7.94454211471674e-05,8.53707940164363e-05,7.6657404447114e-05,9.10532461995847e-05,6.82312377738657e-05,13.3117111666666,39,27,15.23,61,10.83,73.4,6.29,0.04,0.126491106406735,0.5,13.100163978585,2.2560263415913,988.28,0,0,0,16.09,8.3,60,15.9,8.2,60,15,8.3,64
NaN,NaN,12-Sep-2024 01:58:50,2024-09-12_Messung_Zeitz_0158.h5,Large Scale Experiment - Mass in Span 4,600,4.67435103593929e-05,4.06579334856095e-05,4.65174031760594e-05,5.74310595282827e-05,6.28207385744148e-05,5.77978675794253e-05,4.66181576116311e-05,13.5404623333334,39,27,15.2,61,10.73,76.1,6.65,0,0,0,16.9000036554135,0.299997569700807,988.31,0,0,0,16.1,8.28,59.9,15.98,8.28,60,14.92,8.22,64
NaN,NaN,12-Sep-2024 02:09:07,2024-09-12_Messung_Zeitz_0209.h5,Large Scale Experiment - Mass in Span 4,600,4.8613335284601e-05,4.75383121285575e-05,4.9683392221632e-05,7.13264538297598e-05,7.27598555044457e-05,8.62558523695088e-05,4.86290269314035e-05,13.5,39,27,15.13,61.4,10.51,77,6.61,0,0,0,17,8.53773646251594e-07,988.39,0,0,0,16.1,8.12,59.1,15.91,7.97,59.2,14.9,8.2,64
NaN,NaN,12-Sep-2024 02:29:40,2024-09-12_Messung_Zeitz_0229.h5,Large Scale Experiment - Mass in Span 4,600,6.09095499774756e-05,6.03971002534153e-05,6.37670208899992e-05,5.47540213499716e-05,5.19816197328416e-05,3.50492308496677e-05,5.21925222557074e-05,13.3999999999998,39,27,15.09,62,10.27,74.6,5.99,0.02,0.0632455532033676,0.5,15.4001438212309,1.62477433119138,988.53,0,0,0,16.1,8.1,59,15.85,7.85,59,14.8,8.1,64
NaN,NaN,12-Sep-2024 02:39:56,2024-09-12_Messung_Zeitz_0239.h5,Large Scale Experiment - Mass in Span 4,600,0.000177056651173875,0.000135409895694445,0.000131383369553833,0.000166155048634127,0.000128295420850378,0.000135238769708699,0.000148284787166889,13.3310089999998,39,27,15.05,62,10.15,75.9,6.05,0,0,0,13.6000024370091,0.489897747202361,988.51,0,0,0,16,8,59,15.69,7.69,59,14.78,8.08,64
NaN,NaN,12-Sep-2024 02:50:13,2024-09-12_Messung_Zeitz_0250.h5,Large Scale Experiment - Mass in Span 4,600,5.94060875346267e-05,4.40464200807513e-05,5.52145834941694e-05,9.0074596486179e-05,7.0906899179845e-05,8.75848474144537e-05,6.59649048207325e-05,13.3252754999998,39,27,15,62,9.97,78.3,6.37,0,0,0,14,0,988.57,0,0,0,15.92,7.92,59,15.61,7.61,59,14.7,8,64
NaN,NaN,12-Sep-2024 03:00:30,2024-09-12_Messung_Zeitz_0300.h5,Large Scale Experiment - Mass in Span 4,600,4.74390873360499e-05,3.93101276174609e-05,3.92455055854088e-05,4.85255248786977e-05,3.83010076142899e-05,2.90746682601532e-05,3.60724787020342e-05,13.1939551666667,39,27,14.92,62,9.67,79.5,6.28,0.04,0.0966091783079296,0.5,13.1011265581107,2.07050783940843,988.71,0,0,0,15.84,7.84,59,15.54,7.54,59,14.7,8,64
NaN,NaN,12-Sep-2024 03:10:47,2024-09-12_Messung_Zeitz_0310.h5,Large Scale Experiment - Mass in Span 4,600,4.87272882098622e-05,4.2775158663671e-05,4.62146318890208e-05,4.51551682442737e-05,3.73369228168434e-05,3.85344922056109e-05,4.98765307729161e-05,13.0680503333335,39,27,14.9,62,9.59,78.3,6,0.01,0.0316227766016838,0.5,15.1996109673953,2.74951428691472,988.74,0,0,0,15.8,7.8,59,15.5,7.5,59,14.66,7.96,64
NaN,NaN,12-Sep-2024 03:21:03,2024-09-12_Messung_Zeitz_0321.h5,Large Scale Experiment - Mass in Span 4,600,6.20281727592085e-05,5.0704548860754e-05,5.24510507199108e-05,6.76890618725508e-05,5.84351865943183e-05,6.04848736334895e-05,6.04866393566437e-05,12.8792148333332,39,27,14.88,62,9.33,79.4,5.93,0,0,0,14.0003353284865,2.68316630729022,988.73,0,0,0,15.8,7.8,59,15.5,7.5,59,14.6,7.9,64
NaN,NaN,12-Sep-2024 03:41:37,2024-09-12_Messung_Zeitz_0341.h5,Large Scale Experiment - Mass in Span 4,600,7.81578781615573e-05,7.28509472477126e-05,4.01414605811465e-05,9.31165848821819e-05,8.15587445172685e-05,6.28164324499486e-05,8.10670146361956e-05,13,39,27,14.78,62,9.08,81.3,6.04,0,0,0,15,0,988.94,0,0,0,15.7,7.7,59,15.39,7.49,59,14.49,7.79,64
NaN,NaN,12-Sep-2024 03:51:54,2024-09-12_Messung_Zeitz_0351.h5,Large Scale Experiment - Mass in Span 4,600,7.38439253695345e-05,5.4231786642955e-05,6.93209914833096e-05,8.01840989516919e-05,6.72104665066262e-05,5.15427564562533e-05,6.79452949565593e-05,12.9741729999999,39,27,14.71,62,8.83,82,5.93,0,0,0,15,0,988.93,0,0,0,15.61,7.61,59,15.25,7.35,59,14.4,7.7,64
NaN,NaN,12-Sep-2024 04:02:11,2024-09-12_Messung_Zeitz_0402.h5,Large Scale Experiment - Mass in Span 4,600,0.000107332786629958,9.8843703213782e-05,9.6157038046948e-05,0.000120619741306948,0.000118428156461311,0.000112362534155322,0.000109711474339967,12.7621378333333,39,27,14.64,62,8.62,83.2,5.94,0,0,0,16.7000103581304,1.18742624875248,988.89,0,0,0,15.6,7.6,59,15.3,7.4,59,14.37,7.67,64
NaN,NaN,12-Sep-2024 04:12:28,2024-09-12_Messung_Zeitz_0412.h5,Large Scale Experiment - Mass in Span 4,600,6.3454038312413e-05,5.1919274200731e-05,5.15583636790849e-05,6.13360085026113e-05,5.62615922752707e-05,5.06532524779834e-05,5.67780196691959e-05,12.5324156666667,39,27,14.6,62,8.43,83.3,5.76,0,0,0,14.7999256497859,1.6613089555254,988.86,0,0,0,15.56,7.56,59,15.19,7.29,59,14.27,7.57,64
NaN,NaN,12-Sep-2024 04:43:19,2024-09-12_Messung_Zeitz_0443.h5,Large Scale Experiment - Mass in Span 4,600,9.17304705686201e-05,7.92592256244611e-05,7.68099934857926e-05,8.7684295434744e-05,8.08025159249461e-05,7.24654254519223e-05,8.0550362335314e-05,12.1721190000001,39,27,14.42,61.6,8.51,82.6,5.73,0.22,0.193218356615859,0.5,7.89410234837943,5.68150301645014,989.15,0,0,0,15.4,7.5,59,15.03,7.13,59,14.1,7.4,64
NaN,NaN,12-Sep-2024 04:53:35,2024-09-12_Messung_Zeitz_0453.h5,Large Scale Experiment - Mass in Span 4,600,0.000165142838488302,0.000125909725980425,0.000120936708932972,0.000194871613224926,0.000191827011689339,0.000154187588127089,0.000172257184643384,12.1507898333335,39,27,14.38,61.9,8.8,81,5.7,0.06,0.0516397779494322,0.5,10.3994730779405,2.93939522406455,989.25,0,0,0,15.4,7.5,59,15.1,7.2,59,14.05,7.35,64
NaN,NaN,12-Sep-2024 05:03:52,2024-09-12_Messung_Zeitz_0503.h5,Large Scale Experiment - Mass in Span 4,600,0.000255299038645525,0.000219328139275853,0.00023081191192113,0.000256055185466914,0.000245965125818859,0.000187219038805138,0.000233051515794736,12.1644965000002,39,27,14.3,62,8.75,81.6,5.77,0.02,0.0632455532033676,0.5,13.0001218581027,1.26485054974011,989.49,0,0,0,15.39,7.49,59,15.09,7.19,59,13.99,7.29,64
NaN,NaN,12-Sep-2024 05:14:09,2024-09-12_Messung_Zeitz_0514.h5,Large Scale Experiment - Mass in Span 4,600,0.000169770464822367,0.000143264068121587,0.000148788444619048,0.00018680924842925,0.000183645635099491,0.000152685006081186,0.000154668604219206,12.2976049999998,39,27,14.22,62,8.64,83.9,6.03,0,0,0,16,0,989.64,0,0,0,15.31,7.41,59,15.07,7.14,58.9,13.91,7.21,64
NaN,NaN,12-Sep-2024 05:24:26,2024-09-12_Messung_Zeitz_0524.h5,Large Scale Experiment - Mass in Span 4,600,0.0001996616992126,0.000185269517254504,0.000196966349720479,0.000203503922854942,0.000216225531300745,0.000172559818415336,0.000169877205084089,12.2999999999998,39,27,14.2,62,8.5,84,5.9,0,0,0,15.9000036554135,0.299997569702022,989.71,0,0,0,15.22,7.32,59,14.89,6.99,59,13.9,7.2,64
NaN,NaN,12-Sep-2024 05:34:43,2024-09-12_Messung_Zeitz_0534.h5,Large Scale Experiment - Mass in Span 4,600,0.000268647172896073,0.000206387364502985,0.000219936471201615,0.00026804815764281,0.000237865637799033,0.000225121101083847,0.00023761916839165,12.1128858333335,39,27,14.12,62,8.5,84,5.9,0,0,0,13.299818947707,2.23829286956693,989.72,0,0,0,15.18,7.28,59,14.8,6.9,59,13.82,7.12,64
NaN,NaN,12-Sep-2024 05:44:59,2024-09-12_Messung_Zeitz_0544.h5,Large Scale Experiment - Mass in Span 4,600,0.000178478253212849,0.000136329373660777,0.00015817546788426,0.000175768152501099,0.000162101059687065,0.000152462072213365,0.00014393800706135,11.9218778333332,39,27,14.09,62,8.62,83.4,5.96,0.12,0.103279555898864,0.5,8.59984396439458,1.95958798922922,989.72,0,0,0,15.1,7.2,59,14.81,6.91,59,13.8,7.1,64
NaN,NaN,12-Sep-2024 06:05:33,2024-09-12_Messung_Zeitz_0605.h5,Large Scale Experiment - Mass in Span 4,600,0.00024379706014218,0.000209215768467491,0.000230300601124641,0.000250397002180388,0.000203920764289449,0.000182805813812163,0.000227622089256276,12.0371176666668,39,27,13.98,62,8.63,83.1,5.94,0,0,0,15.0999963445865,0.299997569700807,989.94,0,0,0,15.03,7.13,59,14.7,6.8,59,13.7,7,64
NaN,NaN,12-Sep-2024 06:15:50,2024-09-12_Messung_Zeitz_0615.h5,Large Scale Experiment - Mass in Span 4,600,0.000192573866117156,0.000158137297921935,0.000187058562483941,0.000193888593330886,0.000160549627245872,0.000146193595177888,0.000170517281358254,11.9032689999999,39,27,13.91,62,8.37,84,5.77,0,0,0,15.5004569400016,1.49969947661338,990.03,0,0,0,15,7.1,59,14.68,6.82,59.2,13.6,6.9,64
NaN,NaN,12-Sep-2024 06:26:07,2024-09-12_Messung_Zeitz_0626.h5,Large Scale Experiment - Mass in Span 4,600,0.000151589879550571,0.00011658817260341,0.000169262336897164,0.000152851451953406,0.000135678819977985,0.000139749438510481,0.0001425453329762,11.7194053333334,39,27,13.85,62,8.02,84,5.42,0.13,0.170293863659264,0.5,13.3034085932596,3.4920232324743,990.07,0.03,0,0,14.87,6.97,59,14.45,6.75,60,13.5,6.95,64.5
NaN,NaN,12-Sep-2024 06:36:23,2024-09-12_Messung_Zeitz_0636.h5,Large Scale Experiment - Mass in Span 4,600,0.000226969269298382,0.000175150012777275,0.000211199197591633,0.000226251149861159,0.000209917332093798,0.000210872159167936,0.000203123395732958,11.7455025,39,27,13.79,62,7.79,84.9,5.37,0,0,0,16.3000231529967,0.899995665300819,990.26,0.29,0,0,14.68,6.8,59.1,14.2,6.64,60.3,13.4,7,65
NaN,NaN,12-Sep-2024 06:46:40,2024-09-12_Messung_Zeitz_0646.h5,Large Scale Experiment - Mass in Span 4,600,0.000332312727799689,0.000284073710892791,0.000298082411403344,0.00033434800692048,0.000303438076102817,0.000291818525620442,0.00030530009566762,11.5971240000002,39,27,13.71,62,7.61,85,5.21,0,0,0,14.9999085966764,1.34162301228148,990.36,0.8,0,0,14.58,6.86,59.9,14.14,6.64,60.5,13.3,6.9,65
NaN,NaN,12-Sep-2024 06:56:57,2024-09-12_Messung_Zeitz_0656.h5,Large Scale Experiment - Mass in Span 4,600,0.00035880312757524,0.000305002799393024,0.000295049450006405,0.000340994289087574,0.000314590444191911,0.000253992767431316,0.000319809878585918,11.5966135000002,39,27,13.67,62,7.44,85,5.04,0,0,0,15.800004873947,0.399998193316052,990.51,1.45,0,0,14.72,6.96,59.7,14.34,6.64,60,13.3,6.9,65
NaN,NaN,12-Sep-2024 07:07:14,2024-09-12_Messung_Zeitz_0707.h5,Large Scale Experiment - Mass in Span 3,600,0.000261305434692932,0.000215436204082222,0.000222723311428038,0.000285244246008604,0.000272282993453496,0.000248385339192636,0.000265583923512896,11.5910316666669,39,19,13.6,62,7.25,85,4.85,0,0,0,16,0,990.49,2.06,0,0,14.77,6.87,59,14.41,6.71,60,13.28,6.88,65
NaN,NaN,12-Sep-2024 07:27:47,2024-09-12_Messung_Zeitz_0727.h5,Large Scale Experiment - Mass in Span 3,600,0.000307441896428326,0.000251701780648127,0.000305670419012334,0.000249120038095418,0.000223543622204766,0.000233969364732279,0.000275065642427535,11.4235903333332,39,19,13.5,62,7.22,85,4.82,0,0,0,15.9000036554135,0.299997569702022,990.62,3.18,0,0,14.69,6.79,59,14.28,6.6,60,13.17,6.77,65
NaN,NaN,12-Sep-2024 07:38:04,2024-09-12_Messung_Zeitz_0738.h5,Large Scale Experiment - Mass in Span 3,600,0.000350760657927338,0.000304923297338062,0.00040862855733203,0.000343896863178741,0.00033514500619806,0.000310578029265046,0.00032024560745013,11.3479338333332,39,19,13.44,62,7.21,84,4.71,0.06,0.126491106406735,0.5,15.9955151945798,4.16986267111934,990.55,3.71,0,0,14.6,6.7,59,14.2,6.6,60,13.1,6.7,65
NaN,NaN,12-Sep-2024 07:48:21,2024-09-12_Messung_Zeitz_0748.h5,Large Scale Experiment - Mass in Span 3,600,0.000328740312442637,0.000262579337034886,0.000272592144434653,0.000334206589413926,0.000319279116756085,0.000301927849770548,0.000330768599367228,11.1811200000001,39,19,13.4,62.3,7.42,82.6,4.64,0.39,0.119721899973786,0.5,13.2369522846721,16.7555391159694,990.59,4.26,0,0,14.6,6.7,59,14.29,6.48,59.4,13.07,6.67,65
NaN,NaN,12-Sep-2024 07:58:37,2024-09-12_Messung_Zeitz_0758.h5,Large Scale Experiment - Mass in Span 3,600,0.000346484530041131,0.00034645853823037,0.0003614359121,0.000363739225736575,0.000350795104820417,0.000286949413055958,0.000310380893056664,11.1165140000002,39,19,13.31,63,7.66,81.1,4.58,0.29,0.202484567313166,0.5,14.2073412143658,6.11135964633598,990.64,4.89,0,0,14.57,6.67,59,14.27,6.37,59,13,6.6,65
NaN,NaN,12-Sep-2024 08:08:54,2024-09-12_Messung_Zeitz_0808.h5,Large Scale Experiment - Mass in Span 3,600,0.000395345656407281,0.000327988773639944,0.000394981101515947,0.000344207623745504,0.000304487081057667,0.0003473732938272,0.000356413620675249,11.1753851666668,39,19,13.3,63,7.74,82,4.84,0.06,0.126491106406735,0.5,16.098252426112,3.11227828468204,990.68,5.4,0,0,14.45,6.55,59,14.11,6.36,59.5,12.92,6.52,65
NaN,NaN,12-Sep-2024 08:19:11,2024-09-12_Messung_Zeitz_0819.h5,Large Scale Experiment - Mass in Span 3,600,0.000333246708662254,0.000313872912079412,0.000306867343927938,0.000359849933335718,0.000411997716017674,0.000344553012019214,0.00034632314813389,11.1785631666668,39,19,13.29,62.1,7.93,81.2,4.9,0.04,0.0966091783079296,0.5,14.4001742503878,1.28051404499185,990.68,6.1,0,0,14.3,6.4,59,13.74,6.14,60,12.88,6.48,65
NaN,NaN,12-Sep-2024 08:29:28,2024-09-12_Messung_Zeitz_0829.h5,Large Scale Experiment - Mass in Span 3,600,0.000412461543540306,0.000336877661389959,0.000327672884256332,0.000426532942683823,0.000394456390635042,0.000425456144517489,0.000378797051588706,11.2773544999999,39,19,13.24,62,8.25,79.5,4.95,0.22,0.269979423084221,1,8.23505716370092,9.09671689252985,990.82,7.13,0,0,14.27,6.37,59,13.7,6.1,60,12.85,6.45,65
NaN,NaN,12-Sep-2024 08:39:44,2024-09-12_Messung_Zeitz_0839.h5,Large Scale Experiment - Mass in Span 3,600,0.000273765706304407,0.000227757189807827,0.000229946678595894,0.000247300178406537,0.000241958292920011,0.000205701136067167,0.000254879968177777,11.4139341666665,39,19,13.2,62,8.72,78.8,5.27,0.29,0.255821118057999,1,11.1109287610302,9.91026970011375,990.83,8.39,0,0,14.2,6.3,59,13.75,6.15,60,12.8,6.4,65
NaN,NaN,12-Sep-2024 08:50:01,2024-09-12_Messung_Zeitz_0850.h5,Large Scale Experiment - Mass in Span 3,600,0.000287865106771508,0.000232604928212213,0.000303815604070212,0.000291693718987761,0.000277897103426194,0.000253226591777678,0.000280534017224332,11.6049400000001,39,19,13.18,62,9.28,76,5.28,0.61,0.0316227766016838,1,16.877696504176,7.84963167784747,990.98,8.28,0,0,14.3,6.4,59,13.93,6.03,59,12.81,6.41,65
NaN,NaN,12-Sep-2024 09:00:18,2024-09-12_Messung_Zeitz_0900.h5,Large Scale Experiment - Mass in Span 3,600,0.000356013656518214,0.000297277153650183,0.000250640065733933,0.000317377305643006,0.000318923379904046,0.000277099027610629,0.000318181027068475,11.7880121666666,39,19,13.16,62,9.6,74.6,5.32,0.72,0.285968141193696,1.5,20.7943117970271,31.0915153030208,991.05,9.48,0,0,14.31,6.41,59,14,6.1,59,12.8,6.4,65
NaN,NaN,12-Sep-2024 09:20:51,2024-09-12_Messung_Zeitz_0920.h5,Large Scale Experiment - Mass in Span 3,600,0.000285739871850859,0.00022202038249963,0.000238200929679057,0.000280053701196611,0.00027253704681586,0.000232498394927926,0.00027737553401284,12.3594146666665,39,19,13.19,62,10.22,73.4,5.69,0.62,0.332665998663324,1.5,24.1757217549684,19.0300803091321,991.27,11.05,0,0,14.2,6.3,59,14.04,6.14,59,12.9,6.5,65
NaN,NaN,12-Sep-2024 09:31:08,2024-09-12_Messung_Zeitz_0931.h5,Large Scale Experiment - Mass in Span 3,600,0.000226302266859612,0.000206511729318111,0.000246539340657312,0.000215816028228483,0.000224660885543821,0.000269202744816342,0.00021744329277101,12.6565678333334,39,19,13.23,62,10.62,72.5,5.85,0.88,0.835064867739826,2.6,-23.9976454689545,66.0006107072885,991.24,12.05,0,0,14.2,6.3,59,14.04,6.14,59,12.94,6.44,64.5
NaN,NaN,12-Sep-2024 09:41:25,2024-09-12_Messung_Zeitz_0941.h5,Large Scale Experiment - Mass in Span 3,600,0.000338321269277058,0.000288935157398792,0.000273910485690911,0.000336160118593548,0.000289458507503858,0.000229440799351261,0.00032480711195955,13.0414668333334,39,19,13.3,62,11,70.8,5.87,0.81,0.450801754901445,2,-4.87235586647243,48.1059726446713,991.27,14.51,0,0,14.2,6.3,59,14.12,6.22,59,12.99,6.39,64
NaN,NaN,12-Sep-2024 09:51:42,2024-09-12_Messung_Zeitz_0951.h5,Large Scale Experiment - Mass in Span 3,600,0.000233334712298713,0.000205769087535177,0.000235192766587541,0.00024211365818,0.000214954625008839,0.000212145375571797,0.00023504413506422,13.4151084999999,39,19,13.32,62,11.66,69,6.16,1.09,0.826572575290411,4.1,34.1050668596262,48.2743771164649,991.23,13.51,0,0,14.19,6.29,59,14.2,6.3,59,13.09,6.4,64
NaN,NaN,12-Sep-2024 10:01:58,2024-09-12_Messung_Zeitz_1001.h5,Large Scale Experiment - Mass in Span 3,600,0.000243801951846163,0.000201655399256189,0.000207907867417701,0.000259284408407077,0.000225259170527671,0.000214798767469517,0.000242189964729892,13.5993496666669,39,19,13.38,62,11.94,65.1,5.6,1.38,0.7800284895082,3.6,-21.9013775485603,55.458668631386,991.27,13.94,0,0,14.07,6.2,59.1,14.2,6.3,59,13.17,6.47,64
NaN,NaN,12-Sep-2024 10:22:32,2024-09-12_Messung_Zeitz_1022.h5,Large Scale Experiment - Mass in Span 3,600,0.000314989914965447,0.000274636753306763,0.000301808288769745,0.000310004380150428,0.00030912296340331,0.000293696900620917,0.000319342915298628,13.6707481666669,39,19,13.48,61,11.6,65.9,5.47,1.79,0.647130417904906,4.1,-36.137079303325,44.6593875531649,991.3,11.46,0,0,13.92,6.05,59.1,14.2,6.26,58.8,13.3,6.4,63
NaN,NaN,12-Sep-2024 10:32:48,2024-09-12_Messung_Zeitz_1032.h5,Large Scale Experiment - Mass in Span 3,600,0.000272094743063418,0.000219046228131153,0.000233938689279271,0.000259126339465154,0.000243611197250658,0.00019992982730366,0.000255720387393636,13.6711986666669,39,19,13.5,61,11.28,66.6,5.3,1.15,0.337474278855276,2,-31.9550966770256,78.8532746485261,991.26,9.58,0,0,13.92,6.29,59.9,14.2,6.1,58,13.36,6.46,63
NaN,NaN,12-Sep-2024 10:43:05,2024-09-12_Messung_Zeitz_1043.h5,Large Scale Experiment - Mass in Span 3,600,0.000248783571612,0.000224257060106315,0.000241459520879164,0.000272153924404266,0.000264225766626922,0.000239621215165659,0.000264771906468239,13.7939911666665,39,19,13.58,61,11.54,65,5.2,1.43,0.710320741324337,4.1,-39.1220315687842,52.980904132041,991.26,10.58,0,0,14.04,6.17,59.1,14.3,6.1,58,13.4,6.5,63
NaN,NaN,12-Sep-2024 10:53:22,2024-09-12_Messung_Zeitz_1053.h5,Large Scale Experiment - Mass in Span 3,600,0.00026983016783046,0.000214142578600222,0.000244644343957362,0.000280455013178463,0.000272378704552041,0.000257049730415091,0.000273791833205617,13.9079413333331,39,19,13.6,60.2,11.96,60.1,4.5,1.66,0.539958846168442,2.6,-22.4557528222971,43.4401924004808,991.22,10.42,0,0,13.99,6.01,58.6,14.3,6.1,58,13.45,6.45,62.5
NaN,NaN,12-Sep-2024 11:03:39,2024-09-12_Messung_Zeitz_1103.h5,Large Scale Experiment - Mass in Span 3,600,0.000172559845104308,0.000150729189641778,0.00016034211829141,0.00018115911555043,0.000175247722544602,0.000165996084602341,0.000178018146142223,14.1311631666668,39,19,13.7,59.9,11.99,61,4.72,0.95,0.437797517885457,2.6,13.2363886532242,45.1642468394001,991.35,10.75,0,0,13.96,6.04,58.9,14.3,5.92,57.1,13.5,6.37,61.9
NaN,NaN,12-Sep-2024 11:13:56,2024-09-12_Messung_Zeitz_1113.h5,Large Scale Experiment - Mass in Span 3,600,0.000244446823937414,0.000195307282269724,0.00022294714600635,0.000231111569580026,0.000213955357210045,0.000209870648309039,0.000234345117148218,14.3835194999998,39,19,13.77,59.1,12.38,63,5.55,1.06,0.824890565132396,3.1,31.5257338573507,55.8512444379388,991.36,11.49,0,0,14,5.96,58.3,14.32,5.92,57,13.54,6.14,61
NaN,NaN,12-Sep-2024 11:24:13,2024-09-12_Messung_Zeitz_1124.h5,Large Scale Experiment - Mass in Span 3,600,0.000355216099347715,0.000323385584672464,0.000295949584021675,0.000366592401294772,0.000341092217740648,0.000260637828262657,0.000374954152214658,14.5523315000001,39,19,13.85,59,12.39,62.4,5.4,0.78,0.332665998663324,2,-8.59707801235607,44.8528526164635,991.36,12.78,0,0,14.04,5.94,58,14.4,6,57,13.64,6.24,61
NaN,NaN,12-Sep-2024 11:34:29,2024-09-12_Messung_Zeitz_1134.h5,Large Scale Experiment - Mass in Span 3,600,0.000240348018037891,0.000189716197219432,0.000218801551708256,0.000258888296450737,0.000231239613598959,0.000228569084065176,0.00024267934784706,14.6079740000003,39,19,13.91,59,12.21,61,4.91,1.52,0.640832791503889,3.1,-54.3342295686703,55.01134197783,991.34,15.44,0,0,14.1,6,58,14.49,6.05,56.8,13.69,6.29,61
NaN,NaN,12-Sep-2024 11:44:46,2024-09-12_Messung_Zeitz_1144.h5,Large Scale Experiment - Mass in Span 3,600,0.000322969612431423,0.000263341709731158,0.000317764906244542,0.000314246981477832,0.000307974323254858,0.000288641235813884,0.00029557318839534,14.7738956666666,39,19,14,59,12.36,59.6,4.73,0.95,0.400693842672377,2,26.6003844111596,58.2877366772961,991.31,19.33,0,0,14.12,6.02,58,14.52,6.09,56.9,13.75,6.33,60.9
NaN,NaN,12-Sep-2024 11:55:03,2024-09-12_Messung_Zeitz_1155.h5,Large Scale Experiment - Mass in Span 3,600,0.000334560178600995,0.000274910946600281,0.000307882785675815,0.00033014768052818,0.000294157399753658,0.000265756438075997,0.000321947943465124,14.9337079999998,39,19,14.09,59,12.6,58.5,4.68,0.68,0.489444129146071,1.5,23.8285553207166,18.7730452950308,991.28,22.63,0,0,14.21,6.1,58,14.6,5.93,56.1,13.81,6.25,60.2
NaN,NaN,12-Sep-2024 12:05:20,2024-09-12_Messung_Zeitz_1205.h5,Large Scale Experiment - Mass in Span 3,600,0.000310558099497593,0.000266730488277708,0.000303761502905729,0.000315667250322545,0.000294455232051836,0.000277530462114996,0.000298547731904322,15.1641381666669,39,19,14.15,58.4,12.86,57.4,4.63,0.53,0.478539444560216,1.5,31.6174200112042,36.8824670957928,991.34,21.14,0,0,14.2,6.07,57.9,14.6,5.9,56,13.9,6.3,60
NaN,NaN,12-Sep-2024 12:15:37,2024-09-12_Messung_Zeitz_1215.h5,Large Scale Experiment - Mass in Span 3,600,0.00026166445502624,0.000220324245636149,0.00023475961036858,0.000259273434242315,0.000225062232824436,0.000212481829974077,0.000268790506876872,15.3469654999999,39,19,14.23,58,13.16,59.3,5.4,0.47,0.312872000806862,1,21.5053174954727,11.4786237021762,991.41,26.62,0,0,14.2,5.83,57.1,14.55,5.9,56,13.97,6.34,59.9
NaN,NaN,12-Sep-2024 12:36:11,2024-09-12_Messung_Zeitz_1236.h5,Large Scale Experiment - Mass in Span 3,600,0.000325743087718385,0.000260093590114644,0.00028476063628613,0.000319305563153558,0.000269033722053331,0.000302126040562195,0.000330379446969988,15.3663751666664,39,19,14.46,57.6,12.83,58.9,4.98,1.17,0.549848463972878,2.6,-16.0016981214423,27.23036408024,991.48,18.25,0,0,14.34,5.92,56.9,14.7,5.94,55.7,14.11,6.36,59.5
NaN,NaN,12-Sep-2024 12:46:28,2024-09-12_Messung_Zeitz_1246.h5,Large Scale Experiment - Mass in Span 3,600,0.00019932837750537,0.000173471832522877,0.000197211110347425,0.000211114435494019,0.000206707991746733,0.000222995455549383,0.000204436089140445,15.3241473333332,39,19,14.5,57,12.73,59.5,5.03,0.95,0.777817459305202,2.6,-3.64401917845059,25.5075354283163,991.26,18.24,0,0,14.37,5.87,56.5,14.77,5.87,55,14.16,6.26,59
NaN,NaN,12-Sep-2024 12:56:44,2024-09-12_Messung_Zeitz_1256.h5,Large Scale Experiment - Mass in Span 3,600,0.000241788790108178,0.00021331888946172,0.00022254911541338,0.000251186567957979,0.000257455811122755,0.000214985676439828,0.000246017064631692,15.0843856666668,39,19,14.56,56.9,12.74,58.2,4.74,2.06,1.09056560248952,4.6,-0.79744351198535,17.684912837061,991.3,9.88,0,0,14.2,5.21,54.7,14.74,5.72,54.6,14.2,6.3,59
NaN,NaN,12-Sep-2024 13:07:01,2024-09-12_Messung_Zeitz_1307.h5,Large Scale Experiment - Mass in Span 3,600,0.000271485729899957,0.000224643306332599,0.000259520850036986,0.000279640196096441,0.000257321603796176,0.000237827087573562,0.00026842605890309,14.629456,39,19,14.6,55.6,11.7,63.4,4.99,2.11,0.433205109234259,4.1,-33.2704204866547,30.1572748908458,991.43,11.56,0,0,14.02,5.34,55.8,14.7,5.74,54.8,14.2,6.3,59
NaN,NaN,12-Sep-2024 13:27:35,2024-09-12_Messung_Zeitz_1327.h5,Large Scale Experiment - Mass in Span 3,600,0.000357709061794951,0.000296332350843169,0.000360794364284616,0.000352179150513418,0.000377372825965899,0.000336781963972751,0.000358402611254068,14.2874694999998,39,19,14.6,56,11.14,69.9,5.83,0.32,0.382390143992,1.5,9.23286400549584,8.17411894894292,991.6,15.7,0,0,14.22,5.64,56.1,14.7,5.68,54.6,14.11,6.01,58
NaN,NaN,12-Sep-2024 13:37:52,2024-09-12_Messung_Zeitz_1337.h5,Large Scale Experiment - Mass in Span 3,600,0.000316051533850761,0.000277483202513986,0.000284393393201307,0.000292684609388653,0.000252113262788479,0.00024232449995451,0.000292094773262723,14.1011265000002,39,19,14.65,56,11.25,68.6,5.66,1.15,0.575905084772366,2,-1.6993165040391,4.81719504112278,991.64,11.79,0,0,14.29,5.69,56,14.71,5.6,54.3,14.14,6.04,58
NaN,NaN,12-Sep-2024 13:48:08,2024-09-12_Messung_Zeitz_1348.h5,Large Scale Experiment - Mass in Span 3,600,0.000257798386815911,0.000191113432795398,0.000177964507814757,0.000245338495892908,0.000239677278223712,0.000201295445981626,0.000263699400560682,13.8915973333332,39,19,14.6,56,10.9,69.4,5.51,1.74,0.895916662791058,4.1,-28.8220361010109,69.9731046320412,991.69,13.65,0,0,14.14,5.7,56.8,14.7,5.8,55,14.1,6.2,59
NaN,NaN,12-Sep-2024 13:58:25,2024-09-12_Messung_Zeitz_1358.h5,Large Scale Experiment - Mass in Span 3,600,0.000314909224971611,0.0002373816457968,0.000252871781235029,0.000324276247075323,0.000287151861532357,0.000273909911855931,0.0003163523410634,13.9979221666667,39,19,14.6,56,10.49,72.8,5.85,0.32,0.293636207273937,1,25.2217534730042,17.7209956442605,991.54,27.25,0,0,14.1,5.76,57.2,14.63,5.73,55,14,6.31,59.7
NaN,NaN,12-Sep-2024 14:08:42,2024-09-12_Messung_Zeitz_1408.h5,Large Scale Experiment - Mass in Span 3,600,0.000330425243259523,0.00027151612288876,0.000346977612127623,0.000328459688842977,0.00028486839548681,0.000253209642146217,0.00032314063500271,14.0347938333334,39,19,14.6,56.4,10.78,74.1,6.34,0.14,0.211869981094276,1,16.0983954266369,5.38785888169558,991.44,36.37,0,0,14.09,5.93,57.8,14.6,5.7,55,13.96,6.36,60
NaN,NaN,12-Sep-2024 14:18:59,2024-09-12_Messung_Zeitz_1418.h5,Large Scale Experiment - Deconstruction,600,0.000304731707547254,0.000246902589206481,0.000265304356914995,0.000307843973518625,0.000281185200801916,0.000266811935015088,0.000304352854619718,14.2926529999999,0,0,14.6,57,11.65,72.4,6.83,0,0,0,15.3981863995652,3.32198648213284,991.5,38.55,0,0,14.23,5.95,57.4,14.6,5.74,55.2,14,6.4,60
NaN,NaN,12-Sep-2024 14:29:15,2024-09-12_Messung_Zeitz_1429.h5,Large Scale Experiment - Deconstruction,600,0.000436000264206939,0.000361092982777396,0.000330669765115137,0.000443436268688516,0.000394924471029804,0.000355908409797024,0.000446899192090255,14.6101735000001,0,0,14.6,57,12.47,66.9,6.47,0.23,0.262678510731274,1,21.1748944794725,7.82337258755032,991.57,27.51,0,0,14.22,5.94,57.4,14.6,5.9,56,14,6.48,60.4
NaN,NaN,12-Sep-2024 14:39:32,2024-09-12_Messung_Zeitz_1439.h5,Large Scale Experiment - Deconstruction,600,0.000359041548056172,0.000298206596459495,0.000269345863559192,0.000308998590431136,0.000273005714873231,0.000226460790836736,0.000299435665976073,14.9812541666666,0,0,14.65,57,13.27,62.9,6.36,0.04,0.0699205898780101,0.5,15.7000896134106,2.64758277853689,991.69,32.87,0,0,14.3,6,57.5,14.66,5.96,56,14.06,6.46,60
NaN,NaN,12-Sep-2024 14:49:49,2024-09-12_Messung_Zeitz_1449.h5,Large Scale Experiment - Deconstruction,600,0.000194408866886421,0.000152283460148315,0.000127618483802149,0.000194451375595942,0.00017903358341588,0.000149034319589488,0.000198862315215266,15.2504874999999,0,0,14.71,57,13.58,56.1,4.99,0.18,0.244040069569642,1,14.0956243668024,4.61101010269311,991.62,42.78,0,0,14.39,6.09,57.5,14.7,6,56,14.11,6.51,60
NaN,NaN,12-Sep-2024 15:00:05,2024-09-12_Messung_Zeitz_1500.h5,Large Scale Experiment - Deconstruction,600,0.000189976140191027,0.00016417249073275,0.000155595809703775,0.000187053658229909,0.000187393395274414,0.000164958729681285,0.000170451923564594,15.3237311666664,0,0,14.76,57,13.61,57.9,5.47,0.04,0.126491106406735,0.5,16.7982317717045,2.52075552081082,991.61,20.73,0,0,14.4,6.04,57.2,14.69,5.83,55.3,14.2,6.51,59.7
NaN,NaN,12-Sep-2024 15:10:22,2024-09-12_Messung_Zeitz_1510.h5,Large Scale Experiment - Deconstruction,600,0.000309418694208256,0.000267989765317562,0.000228644593353424,0.000310433480911798,0.000322460363645556,0.000285112236456569,0.000301741069513014,15.3968576666664,0,0,14.79,56.5,13.45,60.9,6.07,0.09,0.166332999331662,0.5,17.5995269322119,2.83524734479798,991.65,13.2,0,0,14.5,6.1,57,14.71,5.87,55.3,14.26,6.36,59
NaN,NaN,12-Sep-2024 15:20:39,2024-09-12_Messung_Zeitz_1520.h5,Large Scale Experiment - Deconstruction,600,0.000234828625755118,0.000190344862675741,0.000197476922633822,0.000234195191957982,0.000234554480637634,0.000209831973120923,0.000231691119745021,15.4356044999998,0,0,14.86,56.1,13.29,61.3,5.99,0.03,0.0674948557710553,0.5,15.1000268048406,2.02215926378103,991.71,16.4,0,0,14.52,6.12,57,14.78,5.88,55,14.3,6.4,59
