  binary_cnn2d_cfdac__head__k10                           accuracy +0.910  (1.7s)
  binary_cnn2d_cfdac__head__k20                           accuracy +0.897  (0.6s)
  binary_cnn2d_cfdac__head__k30                           accuracy +0.884  (0.6s)
  binary_cnn2d_cfdac__head__k40                           accuracy +0.897  (0.6s)
  binary_cnn2d_cfdac__head__k50                           accuracy +0.900  (0.6s)
  binary_cnn2d_cfdac__head_proj__k10                      accuracy +0.922  (0.4s)
  binary_cnn2d_cfdac__head_proj__k20                      accuracy +0.912  (0.5s)
  binary_cnn2d_cfdac__head_proj__k30                      accuracy +0.889  (0.7s)
  binary_cnn2d_cfdac__head_proj__k40                      accuracy +0.909  (0.6s)
  binary_cnn2d_cfdac__head_proj__k50                      accuracy +0.912  (0.6s)
  binary_cnn2d_cfdac_imag__head__k10                      accuracy +0.886  (0.4s)
  binary_cnn2d_cfdac_imag__head__k20                      accuracy +0.864  (0.5s)
  binary_cnn2d_cfdac_imag__head__k30                      accuracy +0.834  (0.4s)
  binary_cnn2d_cfdac_imag__head__k40                      accuracy +0.841  (0.5s)
  binary_cnn2d_cfdac_imag__head__k50                      accuracy +0.850  (0.6s)
  binary_cnn2d_cfdac_imag__head_proj__k10                 accuracy +0.913  (0.4s)
  binary_cnn2d_cfdac_imag__head_proj__k20                 accuracy +0.914  (0.4s)
  binary_cnn2d_cfdac_imag__head_proj__k30                 accuracy +0.908  (0.4s)
  binary_cnn2d_cfdac_imag__head_proj__k40                 accuracy +0.917  (0.5s)
  binary_cnn2d_cfdac_imag__head_proj__k50                 accuracy +0.924  (0.5s)
  binary_cnn2d_cfdac_mag__head__k10                       accuracy +0.936  (0.6s)
  binary_cnn2d_cfdac_mag__head__k20                       accuracy +0.941  (0.5s)
  binary_cnn2d_cfdac_mag__head__k30                       accuracy +0.941  (0.5s)
  binary_cnn2d_cfdac_mag__head__k40                       accuracy +0.941  (0.6s)
  binary_cnn2d_cfdac_mag__head__k50                       accuracy +0.941  (0.5s)
  binary_cnn2d_cfdac_mag__head_proj__k10                  accuracy +0.941  (0.4s)
  binary_cnn2d_cfdac_mag__head_proj__k20                  accuracy +0.941  (0.5s)
  binary_cnn2d_cfdac_mag__head_proj__k30                  accuracy +0.941  (0.4s)
  binary_cnn2d_cfdac_mag__head_proj__k40                  accuracy +0.941  (0.5s)
  binary_cnn2d_cfdac_mag__head_proj__k50                  accuracy +0.941  (0.5s)
  binary_cnn2d_cfdac_magphase__head__k10                  accuracy +0.918  (0.4s)
  binary_cnn2d_cfdac_magphase__head__k20                  accuracy +0.910  (0.4s)
  binary_cnn2d_cfdac_magphase__head__k30                  accuracy +0.889  (0.5s)
  binary_cnn2d_cfdac_magphase__head__k40                  accuracy +0.900  (0.7s)
  binary_cnn2d_cfdac_magphase__head__k50                  accuracy +0.900  (0.6s)
  binary_cnn2d_cfdac_magphase__head_proj__k10             accuracy +0.941  (0.4s)
  binary_cnn2d_cfdac_magphase__head_proj__k20             accuracy +0.941  (0.4s)
  binary_cnn2d_cfdac_magphase__head_proj__k30             accuracy +0.941  (0.5s)
  binary_cnn2d_cfdac_magphase__head_proj__k40             accuracy +0.941  (0.5s)
  binary_cnn2d_cfdac_magphase__head_proj__k50             accuracy +0.941  (0.6s)
  binary_cnn2d_cfdac_phase__head__k10                     accuracy +0.843  (0.4s)
  binary_cnn2d_cfdac_phase__head__k20                     accuracy +0.829  (0.5s)
  binary_cnn2d_cfdac_phase__head__k30                     accuracy +0.807  (0.5s)
  binary_cnn2d_cfdac_phase__head__k40                     accuracy +0.806  (0.5s)
  binary_cnn2d_cfdac_phase__head__k50                     accuracy +0.812  (0.6s)
  binary_cnn2d_cfdac_phase__head_proj__k10                accuracy +0.900  (0.4s)
  binary_cnn2d_cfdac_phase__head_proj__k20                accuracy +0.915  (0.5s)
  binary_cnn2d_cfdac_phase__head_proj__k30                accuracy +0.931  (0.9s)
  binary_cnn2d_cfdac_phase__head_proj__k40                accuracy +0.939  (0.5s)
  binary_cnn2d_cfdac_phase__head_proj__k50                accuracy +0.944  (0.7s)
  binary_cnn2d_cfdac_real__head__k10                      accuracy +0.869  (0.4s)
  binary_cnn2d_cfdac_real__head__k20                      accuracy +0.871  (0.4s)
  binary_cnn2d_cfdac_real__head__k30                      accuracy +0.847  (0.5s)
  binary_cnn2d_cfdac_real__head__k40                      accuracy +0.863  (0.5s)
  binary_cnn2d_cfdac_real__head__k50                      accuracy +0.868  (0.5s)
  binary_cnn2d_cfdac_real__head_proj__k10                 accuracy +0.889  (0.4s)
  binary_cnn2d_cfdac_real__head_proj__k20                 accuracy +0.906  (0.5s)
  binary_cnn2d_cfdac_real__head_proj__k30                 accuracy +0.914  (0.5s)
  binary_cnn2d_cfdac_real__head_proj__k40                 accuracy +0.936  (0.5s)
  binary_cnn2d_cfdac_real__head_proj__k50                 accuracy +0.932  (0.6s)
  FAIL build binary_cnn_cfdac_all head k=0.1: Error(s) in loading state_dict for Conv1DStack:
	size mismatch for features.0.weight: copying a param with shape torch.Size([32, 512, 7]) from checkpoint, the shape in current model is torch.Size([32, 128, 7]).
  FAIL build binary_cnn_cfdac_all head k=0.2: Error(s) in loading state_dict for Conv1DStack:
	size mismatch for features.0.weight: copying a param with shape torch.Size([32, 512, 7]) from checkpoint, the shape in current model is torch.Size([32, 128, 7]).
  FAIL build binary_cnn_cfdac_all head k=0.3: Error(s) in loading state_dict for Conv1DStack:
	size mismatch for features.0.weight: copying a param with shape torch.Size([32, 512, 7]) from checkpoint, the shape in current model is torch.Size([32, 128, 7]).
  FAIL build binary_cnn_cfdac_all head k=0.4: Error(s) in loading state_dict for Conv1DStack:
	size mismatch for features.0.weight: copying a param with shape torch.Size([32, 512, 7]) from checkpoint, the shape in current model is torch.Size([32, 128, 7]).
  FAIL build binary_cnn_cfdac_all head k=0.5: Error(s) in loading state_dict for Conv1DStack:
	size mismatch for features.0.weight: copying a param with shape torch.Size([32, 512, 7]) from checkpoint, the shape in current model is torch.Size([32, 128, 7]).
  FAIL build binary_cnn_cfdac_all head_proj k=0.1: Error(s) in loading state_dict for Conv1DStack:
	size mismatch for features.0.weight: copying a param with shape torch.Size([32, 512, 7]) from checkpoint, the shape in current model is torch.Size([32, 128, 7]).
  FAIL build binary_cnn_cfdac_all head_proj k=0.2: Error(s) in loading state_dict for Conv1DStack:
	size mismatch for features.0.weight: copying a param with shape torch.Size([32, 512, 7]) from checkpoint, the shape in current model is torch.Size([32, 128, 7]).
  FAIL build binary_cnn_cfdac_all head_proj k=0.3: Error(s) in loading state_dict for Conv1DStack:
	size mismatch for features.0.weight: copying a param with shape torch.Size([32, 512, 7]) from checkpoint, the shape in current model is torch.Size([32, 128, 7]).
  FAIL build binary_cnn_cfdac_all head_proj k=0.4: Error(s) in loading state_dict for Conv1DStack:
	size mismatch for features.0.weight: copying a param with shape torch.Size([32, 512, 7]) from checkpoint, the shape in current model is torch.Size([32, 128, 7]).
  FAIL build binary_cnn_cfdac_all head_proj k=0.5: Error(s) in loading state_dict for Conv1DStack:
	size mismatch for features.0.weight: copying a param with shape torch.Size([32, 512, 7]) from checkpoint, the shape in current model is torch.Size([32, 128, 7]).
  binary_cnn_cfdac_imag__head__k10                        accuracy +0.933  (0.2s)
  binary_cnn_cfdac_imag__head__k20                        accuracy +0.932  (0.2s)
  binary_cnn_cfdac_imag__head__k30                        accuracy +0.933  (0.2s)
  binary_cnn_cfdac_imag__head__k40                        accuracy +0.934  (0.3s)
  binary_cnn_cfdac_imag__head__k50                        accuracy +0.941  (0.3s)
  binary_cnn_cfdac_imag__head_proj__k10                   accuracy +0.933  (0.2s)
  binary_cnn_cfdac_imag__head_proj__k20                   accuracy +0.934  (0.2s)
  binary_cnn_cfdac_imag__head_proj__k30                   accuracy +0.931  (0.2s)
  binary_cnn_cfdac_imag__head_proj__k40                   accuracy +0.936  (0.2s)
  binary_cnn_cfdac_imag__head_proj__k50                   accuracy +0.935  (0.3s)
  binary_cnn_cfdac_mag__head__k10                         accuracy +0.941  (0.1s)
  binary_cnn_cfdac_mag__head__k20                         accuracy +0.941  (0.2s)
  binary_cnn_cfdac_mag__head__k30                         accuracy +0.941  (0.2s)
  binary_cnn_cfdac_mag__head__k40                         accuracy +0.941  (0.2s)
  binary_cnn_cfdac_mag__head__k50                         accuracy +0.941  (0.2s)
  binary_cnn_cfdac_mag__head_proj__k10                    accuracy +0.941  (0.1s)
  binary_cnn_cfdac_mag__head_proj__k20                    accuracy +0.941  (0.2s)
  binary_cnn_cfdac_mag__head_proj__k30                    accuracy +0.941  (0.2s)
  binary_cnn_cfdac_mag__head_proj__k40                    accuracy +0.941  (0.2s)
  binary_cnn_cfdac_mag__head_proj__k50                    accuracy +0.941  (0.2s)
  FAIL build binary_cnn_cfdac_magphase head k=0.1: Error(s) in loading state_dict for Conv1DStack:
	size mismatch for features.0.weight: copying a param with shape torch.Size([32, 256, 7]) from checkpoint, the shape in current model is torch.Size([32, 128, 7]).
  FAIL build binary_cnn_cfdac_magphase head k=0.2: Error(s) in loading state_dict for Conv1DStack:
	size mismatch for features.0.weight: copying a param with shape torch.Size([32, 256, 7]) from checkpoint, the shape in current model is torch.Size([32, 128, 7]).
  FAIL build binary_cnn_cfdac_magphase head k=0.3: Error(s) in loading state_dict for Conv1DStack:
	size mismatch for features.0.weight: copying a param with shape torch.Size([32, 256, 7]) from checkpoint, the shape in current model is torch.Size([32, 128, 7]).
  FAIL build binary_cnn_cfdac_magphase head k=0.4: Error(s) in loading state_dict for Conv1DStack:
	size mismatch for features.0.weight: copying a param with shape torch.Size([32, 256, 7]) from checkpoint, the shape in current model is torch.Size([32, 128, 7]).
  FAIL build binary_cnn_cfdac_magphase head k=0.5: Error(s) in loading state_dict for Conv1DStack:
	size mismatch for features.0.weight: copying a param with shape torch.Size([32, 256, 7]) from checkpoint, the shape in current model is torch.Size([32, 128, 7]).
  FAIL build binary_cnn_cfdac_magphase head_proj k=0.1: Error(s) in loading state_dict for Conv1DStack:
	size mismatch for features.0.weight: copying a param with shape torch.Size([32, 256, 7]) from checkpoint, the shape in current model is torch.Size([32, 128, 7]).
  FAIL build binary_cnn_cfdac_magphase head_proj k=0.2: Error(s) in loading state_dict for Conv1DStack:
	size mismatch for features.0.weight: copying a param with shape torch.Size([32, 256, 7]) from checkpoint, the shape in current model is torch.Size([32, 128, 7]).
  FAIL build binary_cnn_cfdac_magphase head_proj k=0.3: Error(s) in loading state_dict for Conv1DStack:
	size mismatch for features.0.weight: copying a param with shape torch.Size([32, 256, 7]) from checkpoint, the shape in current model is torch.Size([32, 128, 7]).
  FAIL build binary_cnn_cfdac_magphase head_proj k=0.4: Error(s) in loading state_dict for Conv1DStack:
	size mismatch for features.0.weight: copying a param with shape torch.Size([32, 256, 7]) from checkpoint, the shape in current model is torch.Size([32, 128, 7]).
  FAIL build binary_cnn_cfdac_magphase head_proj k=0.5: Error(s) in loading state_dict for Conv1DStack:
	size mismatch for features.0.weight: copying a param with shape torch.Size([32, 256, 7]) from checkpoint, the shape in current model is torch.Size([32, 128, 7]).
  binary_cnn_cfdac_phase__head__k10                       accuracy +0.918  (0.2s)
  binary_cnn_cfdac_phase__head__k20                       accuracy +0.926  (0.2s)
  binary_cnn_cfdac_phase__head__k30                       accuracy +0.931  (0.2s)
  binary_cnn_cfdac_phase__head__k40                       accuracy +0.926  (0.2s)
  binary_cnn_cfdac_phase__head__k50                       accuracy +0.924  (0.3s)
  binary_cnn_cfdac_phase__head_proj__k10                  accuracy +0.935  (0.2s)
  binary_cnn_cfdac_phase__head_proj__k20                  accuracy +0.934  (0.2s)
  binary_cnn_cfdac_phase__head_proj__k30                  accuracy +0.929  (0.2s)
  binary_cnn_cfdac_phase__head_proj__k40                  accuracy +0.936  (0.3s)
  binary_cnn_cfdac_phase__head_proj__k50                  accuracy +0.926  (0.3s)
  binary_cnn_cfdac_real__head__k10                        accuracy +0.941  (0.2s)
  binary_cnn_cfdac_real__head__k20                        accuracy +0.941  (0.2s)
  binary_cnn_cfdac_real__head__k30                        accuracy +0.941  (0.2s)
  binary_cnn_cfdac_real__head__k40                        accuracy +0.941  (0.2s)
  binary_cnn_cfdac_real__head__k50                        accuracy +0.941  (0.2s)
  binary_cnn_cfdac_real__head_proj__k10                   accuracy +0.941  (0.2s)
  binary_cnn_cfdac_real__head_proj__k20                   accuracy +0.941  (0.2s)
  binary_cnn_cfdac_real__head_proj__k30                   accuracy +0.941  (0.2s)
  binary_cnn_cfdac_real__head_proj__k40                   accuracy +0.941  (0.2s)
  binary_cnn_cfdac_real__head_proj__k50                   accuracy +0.941  (0.2s)
  FAIL build binary_cnn_cfdac_realimag head k=0.1: Error(s) in loading state_dict for Conv1DStack:
	size mismatch for features.0.weight: copying a param with shape torch.Size([32, 256, 7]) from checkpoint, the shape in current model is torch.Size([32, 128, 7]).
  FAIL build binary_cnn_cfdac_realimag head k=0.2: Error(s) in loading state_dict for Conv1DStack:
	size mismatch for features.0.weight: copying a param with shape torch.Size([32, 256, 7]) from checkpoint, the shape in current model is torch.Size([32, 128, 7]).
  FAIL build binary_cnn_cfdac_realimag head k=0.3: Error(s) in loading state_dict for Conv1DStack:
	size mismatch for features.0.weight: copying a param with shape torch.Size([32, 256, 7]) from checkpoint, the shape in current model is torch.Size([32, 128, 7]).
  FAIL build binary_cnn_cfdac_realimag head k=0.4: Error(s) in loading state_dict for Conv1DStack:
	size mismatch for features.0.weight: copying a param with shape torch.Size([32, 256, 7]) from checkpoint, the shape in current model is torch.Size([32, 128, 7]).
  FAIL build binary_cnn_cfdac_realimag head k=0.5: Error(s) in loading state_dict for Conv1DStack:
	size mismatch for features.0.weight: copying a param with shape torch.Size([32, 256, 7]) from checkpoint, the shape in current model is torch.Size([32, 128, 7]).
  FAIL build binary_cnn_cfdac_realimag head_proj k=0.1: Error(s) in loading state_dict for Conv1DStack:
	size mismatch for features.0.weight: copying a param with shape torch.Size([32, 256, 7]) from checkpoint, the shape in current model is torch.Size([32, 128, 7]).
  FAIL build binary_cnn_cfdac_realimag head_proj k=0.2: Error(s) in loading state_dict for Conv1DStack:
	size mismatch for features.0.weight: copying a param with shape torch.Size([32, 256, 7]) from checkpoint, the shape in current model is torch.Size([32, 128, 7]).
  FAIL build binary_cnn_cfdac_realimag head_proj k=0.3: Error(s) in loading state_dict for Conv1DStack:
	size mismatch for features.0.weight: copying a param with shape torch.Size([32, 256, 7]) from checkpoint, the shape in current model is torch.Size([32, 128, 7]).
  FAIL build binary_cnn_cfdac_realimag head_proj k=0.4: Error(s) in loading state_dict for Conv1DStack:
	size mismatch for features.0.weight: copying a param with shape torch.Size([32, 256, 7]) from checkpoint, the shape in current model is torch.Size([32, 128, 7]).
  FAIL build binary_cnn_cfdac_realimag head_proj k=0.5: Error(s) in loading state_dict for Conv1DStack:
	size mismatch for features.0.weight: copying a param with shape torch.Size([32, 256, 7]) from checkpoint, the shape in current model is torch.Size([32, 128, 7]).
  binary_cnn_frf_mag__head__k10                           accuracy +0.822  (0.1s)
  binary_cnn_frf_mag__head__k20                           accuracy +0.840  (0.2s)
  binary_cnn_frf_mag__head__k30                           accuracy +0.878  (0.2s)
  binary_cnn_frf_mag__head__k40                           accuracy +0.914  (0.3s)
  binary_cnn_frf_mag__head__k50                           accuracy +0.897  (0.3s)
  binary_cnn_frf_mag__head_proj__k10                      accuracy +0.907  (0.2s)
  binary_cnn_frf_mag__head_proj__k20                      accuracy +0.921  (0.3s)
  binary_cnn_frf_mag__head_proj__k30                      accuracy +0.941  (0.2s)
  binary_cnn_frf_mag__head_proj__k40                      accuracy +0.941  (0.2s)
  binary_cnn_frf_mag__head_proj__k50                      accuracy +0.941  (0.3s)
  binary_cnn_timeseries__head__k10                        accuracy +0.320  (0.8s)
  binary_cnn_timeseries__head__k20                        accuracy +0.629  (0.8s)
  binary_cnn_timeseries__head__k30                        accuracy +0.924  (0.8s)
  binary_cnn_timeseries__head__k40                        accuracy +0.907  (0.8s)
  binary_cnn_timeseries__head__k50                        accuracy +0.935  (0.9s)
  binary_cnn_timeseries__head_proj__k10                   accuracy +0.855  (0.8s)
  binary_cnn_timeseries__head_proj__k20                   accuracy +0.941  (0.8s)
  binary_cnn_timeseries__head_proj__k30                   accuracy +0.941  (0.9s)
  binary_cnn_timeseries__head_proj__k40                   accuracy +0.941  (0.8s)
  binary_cnn_timeseries__head_proj__k50                   accuracy +0.941  (0.9s)
  binary_mlp_cfdac_all__head__k10                         accuracy +0.933  (0.5s)
  binary_mlp_cfdac_all__head__k20                         accuracy +0.936  (0.6s)
  binary_mlp_cfdac_all__head__k30                         accuracy +0.935  (0.7s)
  binary_mlp_cfdac_all__head__k40                         accuracy +0.934  (0.8s)
  binary_mlp_cfdac_all__head__k50                         accuracy +0.935  (0.9s)
  binary_mlp_cfdac_all__head_proj__k10                    accuracy +0.933  (0.6s)
  binary_mlp_cfdac_all__head_proj__k20                    accuracy +0.939  (0.6s)
  binary_mlp_cfdac_all__head_proj__k30                    accuracy +0.939  (0.7s)
  binary_mlp_cfdac_all__head_proj__k40                    accuracy +0.939  (0.8s)
  binary_mlp_cfdac_all__head_proj__k50                    accuracy +0.941  (0.8s)
  binary_mlp_cfdac_imag__head__k10                        accuracy +0.897  (0.2s)
  binary_mlp_cfdac_imag__head__k20                        accuracy +0.919  (0.2s)
  binary_mlp_cfdac_imag__head__k30                        accuracy +0.931  (0.2s)
  binary_mlp_cfdac_imag__head__k40                        accuracy +0.931  (0.2s)
  binary_mlp_cfdac_imag__head__k50                        accuracy +0.941  (0.2s)
  binary_mlp_cfdac_imag__head_proj__k10                   accuracy +0.941  (0.2s)
  binary_mlp_cfdac_imag__head_proj__k20                   accuracy +0.941  (0.2s)
  binary_mlp_cfdac_imag__head_proj__k30                   accuracy +0.941  (0.2s)
  binary_mlp_cfdac_imag__head_proj__k40                   accuracy +0.941  (0.2s)
  binary_mlp_cfdac_imag__head_proj__k50                   accuracy +0.941  (0.2s)
  binary_mlp_cfdac_mag__head__k10                         accuracy +0.941  (0.2s)
  binary_mlp_cfdac_mag__head__k20                         accuracy +0.941  (0.2s)
  binary_mlp_cfdac_mag__head__k30                         accuracy +0.941  (0.2s)
  binary_mlp_cfdac_mag__head__k40                         accuracy +0.941  (0.2s)
  binary_mlp_cfdac_mag__head__k50                         accuracy +0.941  (0.2s)
  binary_mlp_cfdac_mag__head_proj__k10                    accuracy +0.941  (0.2s)
  binary_mlp_cfdac_mag__head_proj__k20                    accuracy +0.941  (0.2s)
  binary_mlp_cfdac_mag__head_proj__k30                    accuracy +0.941  (0.2s)
  binary_mlp_cfdac_mag__head_proj__k40                    accuracy +0.941  (0.2s)
  binary_mlp_cfdac_mag__head_proj__k50                    accuracy +0.941  (0.2s)
  binary_mlp_cfdac_magphase__head__k10                    accuracy +0.874  (0.3s)
  binary_mlp_cfdac_magphase__head__k20                    accuracy +0.882  (0.3s)
  binary_mlp_cfdac_magphase__head__k30                    accuracy +0.897  (0.4s)
  binary_mlp_cfdac_magphase__head__k40                    accuracy +0.919  (0.4s)
  binary_mlp_cfdac_magphase__head__k50                    accuracy +0.935  (0.5s)
  binary_mlp_cfdac_magphase__head_proj__k10               accuracy +0.928  (0.3s)
  binary_mlp_cfdac_magphase__head_proj__k20               accuracy +0.939  (0.4s)
  binary_mlp_cfdac_magphase__head_proj__k30               accuracy +0.941  (0.4s)
  binary_mlp_cfdac_magphase__head_proj__k40               accuracy +0.941  (0.4s)
  binary_mlp_cfdac_magphase__head_proj__k50               accuracy +0.941  (0.5s)
  binary_mlp_cfdac_phase__head__k10                       accuracy +0.827  (0.2s)
  binary_mlp_cfdac_phase__head__k20                       accuracy +0.831  (0.2s)
  binary_mlp_cfdac_phase__head__k30                       accuracy +0.824  (0.2s)
  binary_mlp_cfdac_phase__head__k40                       accuracy +0.824  (0.2s)
  binary_mlp_cfdac_phase__head__k50                       accuracy +0.841  (0.2s)
  binary_mlp_cfdac_phase__head_proj__k10                  accuracy +0.884  (0.2s)
  binary_mlp_cfdac_phase__head_proj__k20                  accuracy +0.930  (0.2s)
  binary_mlp_cfdac_phase__head_proj__k30                  accuracy +0.937  (0.2s)
  binary_mlp_cfdac_phase__head_proj__k40                  accuracy +0.941  (0.2s)
  binary_mlp_cfdac_phase__head_proj__k50                  accuracy +0.941  (0.2s)
  binary_mlp_cfdac_real__head__k10                        accuracy +0.940  (0.2s)
  binary_mlp_cfdac_real__head__k20                        accuracy +0.941  (0.2s)
  binary_mlp_cfdac_real__head__k30                        accuracy +0.939  (0.2s)
  binary_mlp_cfdac_real__head__k40                        accuracy +0.939  (0.2s)
  binary_mlp_cfdac_real__head__k50                        accuracy +0.941  (0.2s)
  binary_mlp_cfdac_real__head_proj__k10                   accuracy +0.940  (0.2s)
  binary_mlp_cfdac_real__head_proj__k20                   accuracy +0.941  (0.2s)
  binary_mlp_cfdac_real__head_proj__k30                   accuracy +0.939  (0.2s)
  binary_mlp_cfdac_real__head_proj__k40                   accuracy +0.939  (0.2s)
  binary_mlp_cfdac_real__head_proj__k50                   accuracy +0.941  (0.2s)
  binary_mlp_cfdac_realimag__head__k10                    accuracy +0.940  (0.3s)
  binary_mlp_cfdac_realimag__head__k20                    accuracy +0.941  (0.4s)
  binary_mlp_cfdac_realimag__head__k30                    accuracy +0.939  (0.4s)
  binary_mlp_cfdac_realimag__head__k40                    accuracy +0.939  (0.4s)
  binary_mlp_cfdac_realimag__head__k50                    accuracy +0.941  (0.5s)
  binary_mlp_cfdac_realimag__head_proj__k10               accuracy +0.940  (0.3s)
  binary_mlp_cfdac_realimag__head_proj__k20               accuracy +0.941  (0.4s)
  binary_mlp_cfdac_realimag__head_proj__k30               accuracy +0.939  (0.4s)
  binary_mlp_cfdac_realimag__head_proj__k40               accuracy +0.939  (0.4s)
  binary_mlp_cfdac_realimag__head_proj__k50               accuracy +0.941  (0.5s)
  binary_mlp_modal__head__k10                             accuracy +0.941  (0.1s)
  binary_mlp_modal__head__k20                             accuracy +0.941  (0.0s)
  binary_mlp_modal__head__k30                             accuracy +0.941  (0.0s)
  binary_mlp_modal__head__k40                             accuracy +0.941  (0.0s)
  binary_mlp_modal__head__k50                             accuracy +0.941  (0.1s)
  binary_mlp_modal__head_proj__k10                        accuracy +0.941  (0.0s)
  binary_mlp_modal__head_proj__k20                        accuracy +0.941  (0.0s)
  binary_mlp_modal__head_proj__k30                        accuracy +0.941  (0.0s)
  binary_mlp_modal__head_proj__k40                        accuracy +0.941  (0.1s)
  binary_mlp_modal__head_proj__k50                        accuracy +0.941  (0.1s)
  FAIL build binary_transformer_cfdac_all head k=0.1: Error(s) in loading state_dict for SmallTransformer:
	size mismatch for proj.weight: copying a param with shape torch.Size([48, 512, 16]) from checkpoint, the shape in current model is torch.Size([48, 128, 16]).
  FAIL build binary_transformer_cfdac_all head k=0.2: Error(s) in loading state_dict for SmallTransformer:
	size mismatch for proj.weight: copying a param with shape torch.Size([48, 512, 16]) from checkpoint, the shape in current model is torch.Size([48, 128, 16]).
  FAIL build binary_transformer_cfdac_all head k=0.3: Error(s) in loading state_dict for SmallTransformer:
	size mismatch for proj.weight: copying a param with shape torch.Size([48, 512, 16]) from checkpoint, the shape in current model is torch.Size([48, 128, 16]).
  FAIL build binary_transformer_cfdac_all head k=0.4: Error(s) in loading state_dict for SmallTransformer:
	size mismatch for proj.weight: copying a param with shape torch.Size([48, 512, 16]) from checkpoint, the shape in current model is torch.Size([48, 128, 16]).
  FAIL build binary_transformer_cfdac_all head k=0.5: Error(s) in loading state_dict for SmallTransformer:
	size mismatch for proj.weight: copying a param with shape torch.Size([48, 512, 16]) from checkpoint, the shape in current model is torch.Size([48, 128, 16]).
  FAIL build binary_transformer_cfdac_all head_proj k=0.1: Error(s) in loading state_dict for SmallTransformer:
	size mismatch for proj.weight: copying a param with shape torch.Size([48, 512, 16]) from checkpoint, the shape in current model is torch.Size([48, 128, 16]).
  FAIL build binary_transformer_cfdac_all head_proj k=0.2: Error(s) in loading state_dict for SmallTransformer:
	size mismatch for proj.weight: copying a param with shape torch.Size([48, 512, 16]) from checkpoint, the shape in current model is torch.Size([48, 128, 16]).
  FAIL build binary_transformer_cfdac_all head_proj k=0.3: Error(s) in loading state_dict for SmallTransformer:
	size mismatch for proj.weight: copying a param with shape torch.Size([48, 512, 16]) from checkpoint, the shape in current model is torch.Size([48, 128, 16]).
  FAIL build binary_transformer_cfdac_all head_proj k=0.4: Error(s) in loading state_dict for SmallTransformer:
	size mismatch for proj.weight: copying a param with shape torch.Size([48, 512, 16]) from checkpoint, the shape in current model is torch.Size([48, 128, 16]).
  FAIL build binary_transformer_cfdac_all head_proj k=0.5: Error(s) in loading state_dict for SmallTransformer:
	size mismatch for proj.weight: copying a param with shape torch.Size([48, 512, 16]) from checkpoint, the shape in current model is torch.Size([48, 128, 16]).
  binary_transformer_cfdac_imag__head__k10                accuracy +0.941  (0.2s)
  binary_transformer_cfdac_imag__head__k20                accuracy +0.941  (0.3s)
  binary_transformer_cfdac_imag__head__k30                accuracy +0.941  (0.3s)
  binary_transformer_cfdac_imag__head__k40                accuracy +0.941  (0.4s)
  binary_transformer_cfdac_imag__head__k50                accuracy +0.941  (0.4s)
  binary_transformer_cfdac_imag__head_proj__k10           accuracy +0.941  (0.2s)
  binary_transformer_cfdac_imag__head_proj__k20           accuracy +0.941  (0.2s)
  binary_transformer_cfdac_imag__head_proj__k30           accuracy +0.941  (0.3s)
  binary_transformer_cfdac_imag__head_proj__k40           accuracy +0.941  (0.4s)
  binary_transformer_cfdac_imag__head_proj__k50           accuracy +0.941  (0.4s)
  binary_transformer_cfdac_mag__head__k10                 accuracy +0.941  (0.2s)
  binary_transformer_cfdac_mag__head__k20                 accuracy +0.941  (0.3s)
  binary_transformer_cfdac_mag__head__k30                 accuracy +0.941  (0.3s)
  binary_transformer_cfdac_mag__head__k40                 accuracy +0.941  (0.4s)
  binary_transformer_cfdac_mag__head__k50                 accuracy +0.941  (0.5s)
  binary_transformer_cfdac_mag__head_proj__k10            accuracy +0.941  (0.2s)
  binary_transformer_cfdac_mag__head_proj__k20            accuracy +0.941  (0.2s)
  binary_transformer_cfdac_mag__head_proj__k30            accuracy +0.941  (0.3s)
  binary_transformer_cfdac_mag__head_proj__k40            accuracy +0.941  (0.4s)
  binary_transformer_cfdac_mag__head_proj__k50            accuracy +0.941  (0.4s)
  FAIL build binary_transformer_cfdac_magphase head k=0.1: Error(s) in loading state_dict for SmallTransformer:
	size mismatch for proj.weight: copying a param with shape torch.Size([48, 256, 16]) from checkpoint, the shape in current model is torch.Size([48, 128, 16]).
  FAIL build binary_transformer_cfdac_magphase head k=0.2: Error(s) in loading state_dict for SmallTransformer:
	size mismatch for proj.weight: copying a param with shape torch.Size([48, 256, 16]) from checkpoint, the shape in current model is torch.Size([48, 128, 16]).
  FAIL build binary_transformer_cfdac_magphase head k=0.3: Error(s) in loading state_dict for SmallTransformer:
	size mismatch for proj.weight: copying a param with shape torch.Size([48, 256, 16]) from checkpoint, the shape in current model is torch.Size([48, 128, 16]).
  FAIL build binary_transformer_cfdac_magphase head k=0.4: Error(s) in loading state_dict for SmallTransformer:
	size mismatch for proj.weight: copying a param with shape torch.Size([48, 256, 16]) from checkpoint, the shape in current model is torch.Size([48, 128, 16]).
  FAIL build binary_transformer_cfdac_magphase head k=0.5: Error(s) in loading state_dict for SmallTransformer:
	size mismatch for proj.weight: copying a param with shape torch.Size([48, 256, 16]) from checkpoint, the shape in current model is torch.Size([48, 128, 16]).
  FAIL build binary_transformer_cfdac_magphase head_proj k=0.1: Error(s) in loading state_dict for SmallTransformer:
	size mismatch for proj.weight: copying a param with shape torch.Size([48, 256, 16]) from checkpoint, the shape in current model is torch.Size([48, 128, 16]).
  FAIL build binary_transformer_cfdac_magphase head_proj k=0.2: Error(s) in loading state_dict for SmallTransformer:
	size mismatch for proj.weight: copying a param with shape torch.Size([48, 256, 16]) from checkpoint, the shape in current model is torch.Size([48, 128, 16]).
  FAIL build binary_transformer_cfdac_magphase head_proj k=0.3: Error(s) in loading state_dict for SmallTransformer:
	size mismatch for proj.weight: copying a param with shape torch.Size([48, 256, 16]) from checkpoint, the shape in current model is torch.Size([48, 128, 16]).
  FAIL build binary_transformer_cfdac_magphase head_proj k=0.4: Error(s) in loading state_dict for SmallTransformer:
	size mismatch for proj.weight: copying a param with shape torch.Size([48, 256, 16]) from checkpoint, the shape in current model is torch.Size([48, 128, 16]).
  FAIL build binary_transformer_cfdac_magphase head_proj k=0.5: Error(s) in loading state_dict for SmallTransformer:
	size mismatch for proj.weight: copying a param with shape torch.Size([48, 256, 16]) from checkpoint, the shape in current model is torch.Size([48, 128, 16]).
  binary_transformer_cfdac_phase__head__k10               accuracy +0.925  (0.2s)
  binary_transformer_cfdac_phase__head__k20               accuracy +0.934  (0.3s)
  binary_transformer_cfdac_phase__head__k30               accuracy +0.922  (0.3s)
  binary_transformer_cfdac_phase__head__k40               accuracy +0.939  (0.4s)
  binary_transformer_cfdac_phase__head__k50               accuracy +0.935  (0.4s)
  binary_transformer_cfdac_phase__head_proj__k10          accuracy +0.920  (0.2s)
  binary_transformer_cfdac_phase__head_proj__k20          accuracy +0.932  (0.2s)
  binary_transformer_cfdac_phase__head_proj__k30          accuracy +0.926  (0.3s)
  binary_transformer_cfdac_phase__head_proj__k40          accuracy +0.939  (0.4s)
  binary_transformer_cfdac_phase__head_proj__k50          accuracy +0.935  (0.4s)
  binary_transformer_cfdac_real__head__k10                accuracy +0.941  (0.3s)
  binary_transformer_cfdac_real__head__k20                accuracy +0.941  (0.3s)
  binary_transformer_cfdac_real__head__k30                accuracy +0.941  (0.3s)
  binary_transformer_cfdac_real__head__k40                accuracy +0.941  (0.4s)
  binary_transformer_cfdac_real__head__k50                accuracy +0.941  (0.4s)
  binary_transformer_cfdac_real__head_proj__k10           accuracy +0.941  (0.2s)
  binary_transformer_cfdac_real__head_proj__k20           accuracy +0.941  (0.3s)
  binary_transformer_cfdac_real__head_proj__k30           accuracy +0.941  (0.3s)
  binary_transformer_cfdac_real__head_proj__k40           accuracy +0.941  (0.4s)
  binary_transformer_cfdac_real__head_proj__k50           accuracy +0.941  (0.4s)
  FAIL build binary_transformer_cfdac_realimag head k=0.1: Error(s) in loading state_dict for SmallTransformer:
	size mismatch for proj.weight: copying a param with shape torch.Size([48, 256, 16]) from checkpoint, the shape in current model is torch.Size([48, 128, 16]).
  FAIL build binary_transformer_cfdac_realimag head k=0.2: Error(s) in loading state_dict for SmallTransformer:
	size mismatch for proj.weight: copying a param with shape torch.Size([48, 256, 16]) from checkpoint, the shape in current model is torch.Size([48, 128, 16]).
  FAIL build binary_transformer_cfdac_realimag head k=0.3: Error(s) in loading state_dict for SmallTransformer:
	size mismatch for proj.weight: copying a param with shape torch.Size([48, 256, 16]) from checkpoint, the shape in current model is torch.Size([48, 128, 16]).
  FAIL build binary_transformer_cfdac_realimag head k=0.4: Error(s) in loading state_dict for SmallTransformer:
	size mismatch for proj.weight: copying a param with shape torch.Size([48, 256, 16]) from checkpoint, the shape in current model is torch.Size([48, 128, 16]).
  FAIL build binary_transformer_cfdac_realimag head k=0.5: Error(s) in loading state_dict for SmallTransformer:
	size mismatch for proj.weight: copying a param with shape torch.Size([48, 256, 16]) from checkpoint, the shape in current model is torch.Size([48, 128, 16]).
  FAIL build binary_transformer_cfdac_realimag head_proj k=0.1: Error(s) in loading state_dict for SmallTransformer:
	size mismatch for proj.weight: copying a param with shape torch.Size([48, 256, 16]) from checkpoint, the shape in current model is torch.Size([48, 128, 16]).
  FAIL build binary_transformer_cfdac_realimag head_proj k=0.2: Error(s) in loading state_dict for SmallTransformer:
	size mismatch for proj.weight: copying a param with shape torch.Size([48, 256, 16]) from checkpoint, the shape in current model is torch.Size([48, 128, 16]).
  FAIL build binary_transformer_cfdac_realimag head_proj k=0.3: Error(s) in loading state_dict for SmallTransformer:
	size mismatch for proj.weight: copying a param with shape torch.Size([48, 256, 16]) from checkpoint, the shape in current model is torch.Size([48, 128, 16]).
  FAIL build binary_transformer_cfdac_realimag head_proj k=0.4: Error(s) in loading state_dict for SmallTransformer:
	size mismatch for proj.weight: copying a param with shape torch.Size([48, 256, 16]) from checkpoint, the shape in current model is torch.Size([48, 128, 16]).
  FAIL build binary_transformer_cfdac_realimag head_proj k=0.5: Error(s) in loading state_dict for SmallTransformer:
	size mismatch for proj.weight: copying a param with shape torch.Size([48, 256, 16]) from checkpoint, the shape in current model is torch.Size([48, 128, 16]).
  binary_transformer_frf_mag__head__k10                   accuracy +0.941  (0.1s)
  binary_transformer_frf_mag__head__k20                   accuracy +0.941  (0.1s)
  binary_transformer_frf_mag__head__k30                   accuracy +0.941  (0.1s)
  binary_transformer_frf_mag__head__k40                   accuracy +0.941  (0.2s)
  binary_transformer_frf_mag__head__k50                   accuracy +0.941  (0.2s)
  binary_transformer_frf_mag__head_proj__k10              accuracy +0.941  (0.1s)
  binary_transformer_frf_mag__head_proj__k20              accuracy +0.941  (0.1s)
  binary_transformer_frf_mag__head_proj__k30              accuracy +0.941  (0.2s)
  binary_transformer_frf_mag__head_proj__k40              accuracy +0.941  (0.2s)
  binary_transformer_frf_mag__head_proj__k50              accuracy +0.941  (0.2s)
  binary_transformer_timeseries__head__k10                accuracy +0.832  (0.4s)
  binary_transformer_timeseries__head__k20                accuracy +0.882  (0.7s)
  binary_transformer_timeseries__head__k30                accuracy +0.908  (1.0s)
  binary_transformer_timeseries__head__k40                accuracy +0.941  (1.2s)
  binary_transformer_timeseries__head__k50                accuracy +0.941  (1.5s)
  binary_transformer_timeseries__head_proj__k10           accuracy +0.838  (0.4s)
  binary_transformer_timeseries__head_proj__k20           accuracy +0.884  (0.7s)
  binary_transformer_timeseries__head_proj__k30           accuracy +0.929  (1.0s)
  binary_transformer_timeseries__head_proj__k40           accuracy +0.941  (1.3s)
  binary_transformer_timeseries__head_proj__k50           accuracy +0.941  (1.5s)
  col_location_cnn2d_cfdac__head__k10                     accuracy +0.176  (0.3s)
  col_location_cnn2d_cfdac__head__k20                     accuracy +0.195  (0.3s)
  col_location_cnn2d_cfdac__head__k30                     accuracy +0.244  (0.3s)
  col_location_cnn2d_cfdac__head__k40                     accuracy +0.226  (0.4s)
  col_location_cnn2d_cfdac__head__k50                     accuracy +0.221  (0.4s)
  col_location_cnn2d_cfdac__head_proj__k10                accuracy +0.183  (0.3s)
  col_location_cnn2d_cfdac__head_proj__k20                accuracy +0.208  (0.4s)
  col_location_cnn2d_cfdac__head_proj__k30                accuracy +0.289  (0.4s)
  col_location_cnn2d_cfdac__head_proj__k40                accuracy +0.247  (0.4s)
  col_location_cnn2d_cfdac__head_proj__k50                accuracy +0.275  (0.4s)
  col_location_cnn2d_cfdac_imag__head__k10                accuracy +0.144  (0.1s)
  col_location_cnn2d_cfdac_imag__head__k20                accuracy +0.130  (0.1s)
  col_location_cnn2d_cfdac_imag__head__k30                accuracy +0.122  (0.2s)
  col_location_cnn2d_cfdac_imag__head__k40                accuracy +0.153  (0.2s)
  col_location_cnn2d_cfdac_imag__head__k50                accuracy +0.142  (0.2s)
  col_location_cnn2d_cfdac_imag__head_proj__k10           accuracy +0.146  (0.1s)
  col_location_cnn2d_cfdac_imag__head_proj__k20           accuracy +0.138  (0.1s)
  col_location_cnn2d_cfdac_imag__head_proj__k30           accuracy +0.125  (0.2s)
  col_location_cnn2d_cfdac_imag__head_proj__k40           accuracy +0.170  (0.2s)
  col_location_cnn2d_cfdac_imag__head_proj__k50           accuracy +0.183  (0.2s)
  col_location_cnn2d_cfdac_mag__head__k10                 accuracy +0.162  (0.2s)
  col_location_cnn2d_cfdac_mag__head__k20                 accuracy +0.229  (0.3s)
  col_location_cnn2d_cfdac_mag__head__k30                 accuracy +0.241  (0.3s)
  col_location_cnn2d_cfdac_mag__head__k40                 accuracy +0.250  (0.3s)
  col_location_cnn2d_cfdac_mag__head__k50                 accuracy +0.242  (0.3s)
  col_location_cnn2d_cfdac_mag__head_proj__k10            accuracy +0.225  (0.2s)
  col_location_cnn2d_cfdac_mag__head_proj__k20            accuracy +0.253  (0.2s)
  col_location_cnn2d_cfdac_mag__head_proj__k30            accuracy +0.250  (0.2s)
  col_location_cnn2d_cfdac_mag__head_proj__k40            accuracy +0.278  (0.3s)
  col_location_cnn2d_cfdac_mag__head_proj__k50            accuracy +0.279  (0.3s)
  col_location_cnn2d_cfdac_magphase__head__k10            accuracy +0.199  (0.2s)
  col_location_cnn2d_cfdac_magphase__head__k20            accuracy +0.214  (0.3s)
  col_location_cnn2d_cfdac_magphase__head__k30            accuracy +0.217  (0.3s)
  col_location_cnn2d_cfdac_magphase__head__k40            accuracy +0.229  (0.4s)
  col_location_cnn2d_cfdac_magphase__head__k50            accuracy +0.221  (0.4s)
  col_location_cnn2d_cfdac_magphase__head_proj__k10       accuracy +0.234  (0.2s)
  col_location_cnn2d_cfdac_magphase__head_proj__k20       accuracy +0.229  (0.3s)
  col_location_cnn2d_cfdac_magphase__head_proj__k30       accuracy +0.202  (0.3s)
  col_location_cnn2d_cfdac_magphase__head_proj__k40       accuracy +0.267  (0.4s)
  col_location_cnn2d_cfdac_magphase__head_proj__k50       accuracy +0.258  (0.4s)
  col_location_cnn2d_cfdac_phase__head__k10               accuracy +0.255  (0.2s)
  col_location_cnn2d_cfdac_phase__head__k20               accuracy +0.289  (0.3s)
  col_location_cnn2d_cfdac_phase__head__k30               accuracy +0.241  (0.3s)
  col_location_cnn2d_cfdac_phase__head__k40               accuracy +0.257  (0.3s)
  col_location_cnn2d_cfdac_phase__head__k50               accuracy +0.233  (0.3s)
  col_location_cnn2d_cfdac_phase__head_proj__k10          accuracy +0.255  (0.2s)
  col_location_cnn2d_cfdac_phase__head_proj__k20          accuracy +0.260  (0.2s)
  col_location_cnn2d_cfdac_phase__head_proj__k30          accuracy +0.235  (0.3s)
  col_location_cnn2d_cfdac_phase__head_proj__k40          accuracy +0.260  (0.3s)
  col_location_cnn2d_cfdac_phase__head_proj__k50          accuracy +0.258  (0.3s)
  col_location_cnn2d_cfdac_real__head__k10                accuracy +0.271  (0.1s)
  col_location_cnn2d_cfdac_real__head__k20                accuracy +0.250  (0.2s)
  col_location_cnn2d_cfdac_real__head__k30                accuracy +0.277  (0.2s)
  col_location_cnn2d_cfdac_real__head__k40                accuracy +0.243  (0.3s)
  col_location_cnn2d_cfdac_real__head__k50                accuracy +0.254  (0.3s)
  col_location_cnn2d_cfdac_real__head_proj__k10           accuracy +0.289  (0.1s)
  col_location_cnn2d_cfdac_real__head_proj__k20           accuracy +0.292  (0.2s)
  col_location_cnn2d_cfdac_real__head_proj__k30           accuracy +0.283  (0.2s)
  col_location_cnn2d_cfdac_real__head_proj__k40           accuracy +0.299  (0.3s)
  col_location_cnn2d_cfdac_real__head_proj__k50           accuracy +0.283  (0.3s)
  col_location_cnn_cfdac_imag__head__k10                  accuracy +0.155  (0.1s)
  col_location_cnn_cfdac_imag__head__k20                  accuracy +0.201  (0.1s)
  col_location_cnn_cfdac_imag__head__k30                  accuracy +0.173  (0.2s)
  col_location_cnn_cfdac_imag__head__k40                  accuracy +0.177  (0.2s)
  col_location_cnn_cfdac_imag__head__k50                  accuracy +0.179  (0.2s)
  col_location_cnn_cfdac_imag__head_proj__k10             accuracy +0.206  (0.1s)
  col_location_cnn_cfdac_imag__head_proj__k20             accuracy +0.177  (0.1s)
  col_location_cnn_cfdac_imag__head_proj__k30             accuracy +0.193  (0.1s)
  col_location_cnn_cfdac_imag__head_proj__k40             accuracy +0.212  (0.2s)
  col_location_cnn_cfdac_imag__head_proj__k50             accuracy +0.196  (0.2s)
  col_location_cnn_cfdac_mag__head__k10                   accuracy +0.095  (0.1s)
  col_location_cnn_cfdac_mag__head__k20                   accuracy +0.089  (0.1s)
  col_location_cnn_cfdac_mag__head__k30                   accuracy +0.247  (0.1s)
  col_location_cnn_cfdac_mag__head__k40                   accuracy +0.233  (0.1s)
  col_location_cnn_cfdac_mag__head__k50                   accuracy +0.287  (0.2s)
  col_location_cnn_cfdac_mag__head_proj__k10              accuracy +0.118  (0.1s)
  col_location_cnn_cfdac_mag__head_proj__k20              accuracy +0.276  (0.1s)
  col_location_cnn_cfdac_mag__head_proj__k30              accuracy +0.235  (0.1s)
  col_location_cnn_cfdac_mag__head_proj__k40              accuracy +0.247  (0.1s)
  col_location_cnn_cfdac_mag__head_proj__k50              accuracy +0.246  (0.2s)
  FAIL build col_location_cnn_cfdac_magphase head k=0.1: Error(s) in loading state_dict for Conv1DStack:
	size mismatch for features.0.weight: copying a param with shape torch.Size([32, 256, 7]) from checkpoint, the shape in current model is torch.Size([32, 128, 7]).
  FAIL build col_location_cnn_cfdac_magphase head k=0.2: Error(s) in loading state_dict for Conv1DStack:
	size mismatch for features.0.weight: copying a param with shape torch.Size([32, 256, 7]) from checkpoint, the shape in current model is torch.Size([32, 128, 7]).
  FAIL build col_location_cnn_cfdac_magphase head k=0.3: Error(s) in loading state_dict for Conv1DStack:
	size mismatch for features.0.weight: copying a param with shape torch.Size([32, 256, 7]) from checkpoint, the shape in current model is torch.Size([32, 128, 7]).
  FAIL build col_location_cnn_cfdac_magphase head k=0.4: Error(s) in loading state_dict for Conv1DStack:
	size mismatch for features.0.weight: copying a param with shape torch.Size([32, 256, 7]) from checkpoint, the shape in current model is torch.Size([32, 128, 7]).
  FAIL build col_location_cnn_cfdac_magphase head k=0.5: Error(s) in loading state_dict for Conv1DStack:
	size mismatch for features.0.weight: copying a param with shape torch.Size([32, 256, 7]) from checkpoint, the shape in current model is torch.Size([32, 128, 7]).
  FAIL build col_location_cnn_cfdac_magphase head_proj k=0.1: Error(s) in loading state_dict for Conv1DStack:
	size mismatch for features.0.weight: copying a param with shape torch.Size([32, 256, 7]) from checkpoint, the shape in current model is torch.Size([32, 128, 7]).
  FAIL build col_location_cnn_cfdac_magphase head_proj k=0.2: Error(s) in loading state_dict for Conv1DStack:
	size mismatch for features.0.weight: copying a param with shape torch.Size([32, 256, 7]) from checkpoint, the shape in current model is torch.Size([32, 128, 7]).
  FAIL build col_location_cnn_cfdac_magphase head_proj k=0.3: Error(s) in loading state_dict for Conv1DStack:
	size mismatch for features.0.weight: copying a param with shape torch.Size([32, 256, 7]) from checkpoint, the shape in current model is torch.Size([32, 128, 7]).
  FAIL build col_location_cnn_cfdac_magphase head_proj k=0.4: Error(s) in loading state_dict for Conv1DStack:
	size mismatch for features.0.weight: copying a param with shape torch.Size([32, 256, 7]) from checkpoint, the shape in current model is torch.Size([32, 128, 7]).
  FAIL build col_location_cnn_cfdac_magphase head_proj k=0.5: Error(s) in loading state_dict for Conv1DStack:
	size mismatch for features.0.weight: copying a param with shape torch.Size([32, 256, 7]) from checkpoint, the shape in current model is torch.Size([32, 128, 7]).
  col_location_cnn_cfdac_phase__head__k10                 accuracy +0.255  (0.1s)
  col_location_cnn_cfdac_phase__head__k20                 accuracy +0.289  (0.1s)
  col_location_cnn_cfdac_phase__head__k30                 accuracy +0.312  (0.1s)
  col_location_cnn_cfdac_phase__head__k40                 accuracy +0.316  (0.2s)
  col_location_cnn_cfdac_phase__head__k50                 accuracy +0.325  (0.2s)
  col_location_cnn_cfdac_phase__head_proj__k10            accuracy +0.280  (0.1s)
  col_location_cnn_cfdac_phase__head_proj__k20            accuracy +0.292  (0.1s)
  col_location_cnn_cfdac_phase__head_proj__k30            accuracy +0.315  (0.2s)
  col_location_cnn_cfdac_phase__head_proj__k40            accuracy +0.330  (0.2s)
  col_location_cnn_cfdac_phase__head_proj__k50            accuracy +0.362  (0.2s)
  col_location_cnn_cfdac_real__head__k10                  accuracy +0.153  (0.1s)
  col_location_cnn_cfdac_real__head__k20                  accuracy +0.109  (0.1s)
  col_location_cnn_cfdac_real__head__k30                  accuracy +0.199  (0.1s)
  col_location_cnn_cfdac_real__head__k40                  accuracy +0.184  (0.1s)
  col_location_cnn_cfdac_real__head__k50                  accuracy +0.217  (0.2s)
  col_location_cnn_cfdac_real__head_proj__k10             accuracy +0.222  (0.1s)
  col_location_cnn_cfdac_real__head_proj__k20             accuracy +0.255  (0.1s)
  col_location_cnn_cfdac_real__head_proj__k30             accuracy +0.247  (0.1s)
  col_location_cnn_cfdac_real__head_proj__k40             accuracy +0.253  (0.2s)
  col_location_cnn_cfdac_real__head_proj__k50             accuracy +0.267  (0.2s)
  FAIL build col_location_cnn_cfdac_realimag head k=0.1: Error(s) in loading state_dict for Conv1DStack:
	size mismatch for features.0.weight: copying a param with shape torch.Size([32, 256, 7]) from checkpoint, the shape in current model is torch.Size([32, 128, 7]).
  FAIL build col_location_cnn_cfdac_realimag head k=0.2: Error(s) in loading state_dict for Conv1DStack:
	size mismatch for features.0.weight: copying a param with shape torch.Size([32, 256, 7]) from checkpoint, the shape in current model is torch.Size([32, 128, 7]).
  FAIL build col_location_cnn_cfdac_realimag head k=0.3: Error(s) in loading state_dict for Conv1DStack:
	size mismatch for features.0.weight: copying a param with shape torch.Size([32, 256, 7]) from checkpoint, the shape in current model is torch.Size([32, 128, 7]).
  FAIL build col_location_cnn_cfdac_realimag head k=0.4: Error(s) in loading state_dict for Conv1DStack:
	size mismatch for features.0.weight: copying a param with shape torch.Size([32, 256, 7]) from checkpoint, the shape in current model is torch.Size([32, 128, 7]).
  FAIL build col_location_cnn_cfdac_realimag head k=0.5: Error(s) in loading state_dict for Conv1DStack:
	size mismatch for features.0.weight: copying a param with shape torch.Size([32, 256, 7]) from checkpoint, the shape in current model is torch.Size([32, 128, 7]).
  FAIL build col_location_cnn_cfdac_realimag head_proj k=0.1: Error(s) in loading state_dict for Conv1DStack:
	size mismatch for features.0.weight: copying a param with shape torch.Size([32, 256, 7]) from checkpoint, the shape in current model is torch.Size([32, 128, 7]).
  FAIL build col_location_cnn_cfdac_realimag head_proj k=0.2: Error(s) in loading state_dict for Conv1DStack:
	size mismatch for features.0.weight: copying a param with shape torch.Size([32, 256, 7]) from checkpoint, the shape in current model is torch.Size([32, 128, 7]).
  FAIL build col_location_cnn_cfdac_realimag head_proj k=0.3: Error(s) in loading state_dict for Conv1DStack:
	size mismatch for features.0.weight: copying a param with shape torch.Size([32, 256, 7]) from checkpoint, the shape in current model is torch.Size([32, 128, 7]).
  FAIL build col_location_cnn_cfdac_realimag head_proj k=0.4: Error(s) in loading state_dict for Conv1DStack:
	size mismatch for features.0.weight: copying a param with shape torch.Size([32, 256, 7]) from checkpoint, the shape in current model is torch.Size([32, 128, 7]).
  FAIL build col_location_cnn_cfdac_realimag head_proj k=0.5: Error(s) in loading state_dict for Conv1DStack:
	size mismatch for features.0.weight: copying a param with shape torch.Size([32, 256, 7]) from checkpoint, the shape in current model is torch.Size([32, 128, 7]).
  col_location_cnn_frf_mag__head__k10                     accuracy +0.306  (0.1s)
  col_location_cnn_frf_mag__head__k20                     accuracy +0.292  (0.1s)
  col_location_cnn_frf_mag__head__k30                     accuracy +0.286  (0.1s)
  col_location_cnn_frf_mag__head__k40                     accuracy +0.247  (0.2s)
  col_location_cnn_frf_mag__head__k50                     accuracy +0.242  (0.2s)
  col_location_cnn_frf_mag__head_proj__k10                accuracy +0.308  (0.1s)
  col_location_cnn_frf_mag__head_proj__k20                accuracy +0.263  (0.1s)
  col_location_cnn_frf_mag__head_proj__k30                accuracy +0.241  (0.1s)
  col_location_cnn_frf_mag__head_proj__k40                accuracy +0.250  (0.2s)
  col_location_cnn_frf_mag__head_proj__k50                accuracy +0.296  (0.2s)
  col_location_cnn_timeseries__head__k10                  accuracy +0.130  (0.2s)
  col_location_cnn_timeseries__head__k20                  accuracy +0.289  (0.3s)
  col_location_cnn_timeseries__head__k30                  accuracy +0.277  (0.3s)
  col_location_cnn_timeseries__head__k40                  accuracy +0.250  (0.3s)
  col_location_cnn_timeseries__head__k50                  accuracy +0.188  (0.4s)
  col_location_cnn_timeseries__head_proj__k10             accuracy +0.285  (0.2s)
  col_location_cnn_timeseries__head_proj__k20             accuracy +0.302  (0.3s)
  col_location_cnn_timeseries__head_proj__k30             accuracy +0.318  (0.4s)
  col_location_cnn_timeseries__head_proj__k40             accuracy +0.340  (0.4s)
  col_location_cnn_timeseries__head_proj__k50             accuracy +0.308  (0.4s)
  col_location_mlp_cfdac_imag__head__k10                  accuracy +0.204  (0.1s)
  col_location_mlp_cfdac_imag__head__k20                  accuracy +0.216  (0.1s)
  col_location_mlp_cfdac_imag__head__k30                  accuracy +0.205  (0.1s)
  col_location_mlp_cfdac_imag__head__k40                  accuracy +0.205  (0.1s)
  col_location_mlp_cfdac_imag__head__k50                  accuracy +0.183  (0.2s)
  col_location_mlp_cfdac_imag__head_proj__k10             accuracy +0.192  (0.1s)
  col_location_mlp_cfdac_imag__head_proj__k20             accuracy +0.216  (0.1s)
  col_location_mlp_cfdac_imag__head_proj__k30             accuracy +0.205  (0.1s)
  col_location_mlp_cfdac_imag__head_proj__k40             accuracy +0.212  (0.1s)
  col_location_mlp_cfdac_imag__head_proj__k50             accuracy +0.250  (0.2s)
  col_location_mlp_cfdac_mag__head__k10                   accuracy +0.340  (0.1s)
  col_location_mlp_cfdac_mag__head__k20                   accuracy +0.349  (0.1s)
  col_location_mlp_cfdac_mag__head__k30                   accuracy +0.354  (0.1s)
  col_location_mlp_cfdac_mag__head__k40                   accuracy +0.347  (0.1s)
  col_location_mlp_cfdac_mag__head__k50                   accuracy +0.333  (0.1s)
  col_location_mlp_cfdac_mag__head_proj__k10              accuracy +0.340  (0.1s)
  col_location_mlp_cfdac_mag__head_proj__k20              accuracy +0.365  (0.1s)
  col_location_mlp_cfdac_mag__head_proj__k30              accuracy +0.369  (0.1s)
  col_location_mlp_cfdac_mag__head_proj__k40              accuracy +0.368  (0.1s)
  col_location_mlp_cfdac_mag__head_proj__k50              accuracy +0.358  (0.2s)
  col_location_mlp_cfdac_magphase__head__k10              accuracy +0.248  (0.2s)
  col_location_mlp_cfdac_magphase__head__k20              accuracy +0.247  (0.2s)
  col_location_mlp_cfdac_magphase__head__k30              accuracy +0.268  (0.2s)
  col_location_mlp_cfdac_magphase__head__k40              accuracy +0.292  (0.3s)
  col_location_mlp_cfdac_magphase__head__k50              accuracy +0.275  (0.3s)
  col_location_mlp_cfdac_magphase__head_proj__k10         accuracy +0.208  (0.2s)
  col_location_mlp_cfdac_magphase__head_proj__k20         accuracy +0.255  (0.2s)
  col_location_mlp_cfdac_magphase__head_proj__k30         accuracy +0.241  (0.3s)
  col_location_mlp_cfdac_magphase__head_proj__k40         accuracy +0.247  (0.2s)
  col_location_mlp_cfdac_magphase__head_proj__k50         accuracy +0.254  (0.3s)
  col_location_mlp_cfdac_phase__head__k10                 accuracy +0.183  (0.1s)
  col_location_mlp_cfdac_phase__head__k20                 accuracy +0.206  (0.1s)
  col_location_mlp_cfdac_phase__head__k30                 accuracy +0.214  (0.1s)
  col_location_mlp_cfdac_phase__head__k40                 accuracy +0.205  (0.1s)
  col_location_mlp_cfdac_phase__head__k50                 accuracy +0.200  (0.1s)
  col_location_mlp_cfdac_phase__head_proj__k10            accuracy +0.178  (0.1s)
  col_location_mlp_cfdac_phase__head_proj__k20            accuracy +0.211  (0.1s)
  col_location_mlp_cfdac_phase__head_proj__k30            accuracy +0.190  (0.1s)
  col_location_mlp_cfdac_phase__head_proj__k40            accuracy +0.167  (0.1s)
  col_location_mlp_cfdac_phase__head_proj__k50            accuracy +0.196  (0.1s)
  col_location_mlp_cfdac_real__head__k10                  accuracy +0.299  (0.1s)
  col_location_mlp_cfdac_real__head__k20                  accuracy +0.312  (0.1s)
  col_location_mlp_cfdac_real__head__k30                  accuracy +0.315  (0.1s)
  col_location_mlp_cfdac_real__head__k40                  accuracy +0.312  (0.1s)
  col_location_mlp_cfdac_real__head__k50                  accuracy +0.308  (0.2s)
  col_location_mlp_cfdac_real__head_proj__k10             accuracy +0.241  (0.1s)
  col_location_mlp_cfdac_real__head_proj__k20             accuracy +0.302  (0.1s)
  col_location_mlp_cfdac_real__head_proj__k30             accuracy +0.280  (0.1s)
  col_location_mlp_cfdac_real__head_proj__k40             accuracy +0.108  (0.1s)
  col_location_mlp_cfdac_real__head_proj__k50             accuracy +0.188  (0.2s)
  col_location_mlp_cfdac_realimag__head__k10              accuracy +0.104  (0.2s)
  col_location_mlp_cfdac_realimag__head__k20              accuracy +0.112  (0.2s)
  col_location_mlp_cfdac_realimag__head__k30              accuracy +0.110  (0.2s)
  col_location_mlp_cfdac_realimag__head__k40              accuracy +0.111  (0.3s)
  col_location_mlp_cfdac_realimag__head__k50              accuracy +0.133  (0.3s)
  col_location_mlp_cfdac_realimag__head_proj__k10         accuracy +0.141  (0.2s)
  col_location_mlp_cfdac_realimag__head_proj__k20         accuracy +0.336  (0.2s)
  col_location_mlp_cfdac_realimag__head_proj__k30         accuracy +0.283  (0.2s)
  col_location_mlp_cfdac_realimag__head_proj__k40         accuracy +0.302  (0.3s)
  col_location_mlp_cfdac_realimag__head_proj__k50         accuracy +0.250  (0.3s)
  col_location_mlp_modal__head__k10                       accuracy +0.137  (0.0s)
  col_location_mlp_modal__head__k20                       accuracy +0.221  (0.0s)
  col_location_mlp_modal__head__k30                       accuracy +0.220  (0.0s)
  col_location_mlp_modal__head__k40                       accuracy +0.198  (0.0s)
  col_location_mlp_modal__head__k50                       accuracy +0.212  (0.1s)
  col_location_mlp_modal__head_proj__k10                  accuracy +0.148  (0.0s)
  col_location_mlp_modal__head_proj__k20                  accuracy +0.146  (0.0s)
  col_location_mlp_modal__head_proj__k30                  accuracy +0.185  (0.0s)
  col_location_mlp_modal__head_proj__k40                  accuracy +0.142  (0.0s)
  col_location_mlp_modal__head_proj__k50                  accuracy +0.142  (0.1s)
  col_location_transformer_cfdac_imag__head__k10          accuracy +0.206  (0.1s)
  col_location_transformer_cfdac_imag__head__k20          accuracy +0.229  (0.1s)
  col_location_transformer_cfdac_imag__head__k30          accuracy +0.211  (0.2s)
  col_location_transformer_cfdac_imag__head__k40          accuracy +0.215  (0.2s)
  col_location_transformer_cfdac_imag__head__k50          accuracy +0.192  (0.2s)
  col_location_transformer_cfdac_imag__head_proj__k10     accuracy +0.206  (0.1s)
  col_location_transformer_cfdac_imag__head_proj__k20     accuracy +0.229  (0.1s)
  col_location_transformer_cfdac_imag__head_proj__k30     accuracy +0.211  (0.2s)
  col_location_transformer_cfdac_imag__head_proj__k40     accuracy +0.215  (0.2s)
  col_location_transformer_cfdac_imag__head_proj__k50     accuracy +0.192  (0.2s)
  col_location_transformer_cfdac_mag__head__k10           accuracy +0.250  (0.1s)
  col_location_transformer_cfdac_mag__head__k20           accuracy +0.250  (0.1s)
  col_location_transformer_cfdac_mag__head__k30           accuracy +0.250  (0.2s)
  col_location_transformer_cfdac_mag__head__k40           accuracy +0.250  (0.2s)
  col_location_transformer_cfdac_mag__head__k50           accuracy +0.250  (0.2s)
  col_location_transformer_cfdac_mag__head_proj__k10      accuracy +0.250  (0.1s)
  col_location_transformer_cfdac_mag__head_proj__k20      accuracy +0.250  (0.1s)
  col_location_transformer_cfdac_mag__head_proj__k30      accuracy +0.250  (0.2s)
  col_location_transformer_cfdac_mag__head_proj__k40      accuracy +0.250  (0.2s)
  col_location_transformer_cfdac_mag__head_proj__k50      accuracy +0.250  (0.2s)
  FAIL build col_location_transformer_cfdac_magphase head k=0.1: Error(s) in loading state_dict for SmallTransformer:
	size mismatch for proj.weight: copying a param with shape torch.Size([48, 256, 16]) from checkpoint, the shape in current model is torch.Size([48, 128, 16]).
  FAIL build col_location_transformer_cfdac_magphase head k=0.2: Error(s) in loading state_dict for SmallTransformer:
	size mismatch for proj.weight: copying a param with shape torch.Size([48, 256, 16]) from checkpoint, the shape in current model is torch.Size([48, 128, 16]).
  FAIL build col_location_transformer_cfdac_magphase head k=0.3: Error(s) in loading state_dict for SmallTransformer:
	size mismatch for proj.weight: copying a param with shape torch.Size([48, 256, 16]) from checkpoint, the shape in current model is torch.Size([48, 128, 16]).
  FAIL build col_location_transformer_cfdac_magphase head k=0.4: Error(s) in loading state_dict for SmallTransformer:
	size mismatch for proj.weight: copying a param with shape torch.Size([48, 256, 16]) from checkpoint, the shape in current model is torch.Size([48, 128, 16]).
  FAIL build col_location_transformer_cfdac_magphase head k=0.5: Error(s) in loading state_dict for SmallTransformer:
	size mismatch for proj.weight: copying a param with shape torch.Size([48, 256, 16]) from checkpoint, the shape in current model is torch.Size([48, 128, 16]).
  FAIL build col_location_transformer_cfdac_magphase head_proj k=0.1: Error(s) in loading state_dict for SmallTransformer:
	size mismatch for proj.weight: copying a param with shape torch.Size([48, 256, 16]) from checkpoint, the shape in current model is torch.Size([48, 128, 16]).
  FAIL build col_location_transformer_cfdac_magphase head_proj k=0.2: Error(s) in loading state_dict for SmallTransformer:
	size mismatch for proj.weight: copying a param with shape torch.Size([48, 256, 16]) from checkpoint, the shape in current model is torch.Size([48, 128, 16]).
  FAIL build col_location_transformer_cfdac_magphase head_proj k=0.3: Error(s) in loading state_dict for SmallTransformer:
	size mismatch for proj.weight: copying a param with shape torch.Size([48, 256, 16]) from checkpoint, the shape in current model is torch.Size([48, 128, 16]).
  FAIL build col_location_transformer_cfdac_magphase head_proj k=0.4: Error(s) in loading state_dict for SmallTransformer:
	size mismatch for proj.weight: copying a param with shape torch.Size([48, 256, 16]) from checkpoint, the shape in current model is torch.Size([48, 128, 16]).
  FAIL build col_location_transformer_cfdac_magphase head_proj k=0.5: Error(s) in loading state_dict for SmallTransformer:
	size mismatch for proj.weight: copying a param with shape torch.Size([48, 256, 16]) from checkpoint, the shape in current model is torch.Size([48, 128, 16]).
  col_location_transformer_cfdac_phase__head__k10         accuracy +0.088  (0.1s)
  col_location_transformer_cfdac_phase__head__k20         accuracy +0.104  (0.1s)
  col_location_transformer_cfdac_phase__head__k30         accuracy +0.104  (0.2s)
  col_location_transformer_cfdac_phase__head__k40         accuracy +0.101  (0.2s)
  col_location_transformer_cfdac_phase__head__k50         accuracy +0.108  (0.2s)
  col_location_transformer_cfdac_phase__head_proj__k10    accuracy +0.088  (0.1s)
  col_location_transformer_cfdac_phase__head_proj__k20    accuracy +0.099  (0.1s)
  col_location_transformer_cfdac_phase__head_proj__k30    accuracy +0.107  (0.2s)
  col_location_transformer_cfdac_phase__head_proj__k40    accuracy +0.104  (0.2s)
  col_location_transformer_cfdac_phase__head_proj__k50    accuracy +0.108  (0.2s)
  col_location_transformer_cfdac_real__head__k10          accuracy +0.211  (0.1s)
  col_location_transformer_cfdac_real__head__k20          accuracy +0.221  (0.1s)
  col_location_transformer_cfdac_real__head__k30          accuracy +0.214  (0.2s)
  col_location_transformer_cfdac_real__head__k40          accuracy +0.201  (0.2s)
  col_location_transformer_cfdac_real__head__k50          accuracy +0.267  (0.2s)
  col_location_transformer_cfdac_real__head_proj__k10     accuracy +0.213  (0.1s)
  col_location_transformer_cfdac_real__head_proj__k20     accuracy +0.247  (0.1s)
  col_location_transformer_cfdac_real__head_proj__k30     accuracy +0.247  (0.2s)
  col_location_transformer_cfdac_real__head_proj__k40     accuracy +0.205  (0.2s)
  col_location_transformer_cfdac_real__head_proj__k50     accuracy +0.242  (0.2s)
  FAIL build col_location_transformer_cfdac_realimag head k=0.1: Error(s) in loading state_dict for SmallTransformer:
	size mismatch for proj.weight: copying a param with shape torch.Size([48, 256, 16]) from checkpoint, the shape in current model is torch.Size([48, 128, 16]).
  FAIL build col_location_transformer_cfdac_realimag head k=0.2: Error(s) in loading state_dict for SmallTransformer:
	size mismatch for proj.weight: copying a param with shape torch.Size([48, 256, 16]) from checkpoint, the shape in current model is torch.Size([48, 128, 16]).
  FAIL build col_location_transformer_cfdac_realimag head k=0.3: Error(s) in loading state_dict for SmallTransformer:
	size mismatch for proj.weight: copying a param with shape torch.Size([48, 256, 16]) from checkpoint, the shape in current model is torch.Size([48, 128, 16]).
  FAIL build col_location_transformer_cfdac_realimag head k=0.4: Error(s) in loading state_dict for SmallTransformer:
	size mismatch for proj.weight: copying a param with shape torch.Size([48, 256, 16]) from checkpoint, the shape in current model is torch.Size([48, 128, 16]).
  FAIL build col_location_transformer_cfdac_realimag head k=0.5: Error(s) in loading state_dict for SmallTransformer:
	size mismatch for proj.weight: copying a param with shape torch.Size([48, 256, 16]) from checkpoint, the shape in current model is torch.Size([48, 128, 16]).
  FAIL build col_location_transformer_cfdac_realimag head_proj k=0.1: Error(s) in loading state_dict for SmallTransformer:
	size mismatch for proj.weight: copying a param with shape torch.Size([48, 256, 16]) from checkpoint, the shape in current model is torch.Size([48, 128, 16]).
  FAIL build col_location_transformer_cfdac_realimag head_proj k=0.2: Error(s) in loading state_dict for SmallTransformer:
	size mismatch for proj.weight: copying a param with shape torch.Size([48, 256, 16]) from checkpoint, the shape in current model is torch.Size([48, 128, 16]).
  FAIL build col_location_transformer_cfdac_realimag head_proj k=0.3: Error(s) in loading state_dict for SmallTransformer:
	size mismatch for proj.weight: copying a param with shape torch.Size([48, 256, 16]) from checkpoint, the shape in current model is torch.Size([48, 128, 16]).
  FAIL build col_location_transformer_cfdac_realimag head_proj k=0.4: Error(s) in loading state_dict for SmallTransformer:
	size mismatch for proj.weight: copying a param with shape torch.Size([48, 256, 16]) from checkpoint, the shape in current model is torch.Size([48, 128, 16]).
  FAIL build col_location_transformer_cfdac_realimag head_proj k=0.5: Error(s) in loading state_dict for SmallTransformer:
	size mismatch for proj.weight: copying a param with shape torch.Size([48, 256, 16]) from checkpoint, the shape in current model is torch.Size([48, 128, 16]).
  col_location_transformer_frf_mag__head__k10             accuracy +0.204  (0.1s)
  col_location_transformer_frf_mag__head__k20             accuracy +0.292  (0.1s)
  col_location_transformer_frf_mag__head__k30             accuracy +0.298  (0.2s)
  col_location_transformer_frf_mag__head__k40             accuracy +0.288  (0.2s)
  col_location_transformer_frf_mag__head__k50             accuracy +0.254  (0.2s)
  col_location_transformer_frf_mag__head_proj__k10        accuracy +0.234  (0.1s)
  col_location_transformer_frf_mag__head_proj__k20        accuracy +0.292  (0.1s)
  col_location_transformer_frf_mag__head_proj__k30        accuracy +0.298  (0.2s)
  col_location_transformer_frf_mag__head_proj__k40        accuracy +0.288  (0.2s)
  col_location_transformer_frf_mag__head_proj__k50        accuracy +0.258  (0.2s)
  col_location_transformer_timeseries__head__k10          accuracy +0.146  (0.3s)
  col_location_transformer_timeseries__head__k20          accuracy +0.193  (0.5s)
  col_location_transformer_timeseries__head__k30          accuracy +0.202  (0.8s)
  col_location_transformer_timeseries__head__k40          accuracy +0.226  (0.9s)
  col_location_transformer_timeseries__head__k50          accuracy +0.192  (1.2s)
  col_location_transformer_timeseries__head_proj__k10     accuracy +0.144  (0.3s)
  col_location_transformer_timeseries__head_proj__k20     accuracy +0.198  (0.5s)
  col_location_transformer_timeseries__head_proj__k30     accuracy +0.202  (0.8s)
  col_location_transformer_timeseries__head_proj__k40     accuracy +0.226  (1.0s)
  col_location_transformer_timeseries__head_proj__k50     accuracy +0.192  (1.2s)
  mass_location_cnn2d_cfdac__head__k10                    accuracy +0.333  (0.1s)
  mass_location_cnn2d_cfdac__head__k20                    accuracy +0.344  (0.1s)
  mass_location_cnn2d_cfdac__head__k30                    accuracy +0.321  (0.1s)
  mass_location_cnn2d_cfdac__head__k40                    accuracy +0.323  (0.1s)
  mass_location_cnn2d_cfdac__head__k50                    accuracy +0.425  (0.1s)
  mass_location_cnn2d_cfdac__head_proj__k10               accuracy +0.333  (0.1s)
  mass_location_cnn2d_cfdac__head_proj__k20               accuracy +0.328  (0.1s)
  mass_location_cnn2d_cfdac__head_proj__k30               accuracy +0.304  (0.1s)
  mass_location_cnn2d_cfdac__head_proj__k40               accuracy +0.302  (0.1s)
  mass_location_cnn2d_cfdac__head_proj__k50               accuracy +0.450  (0.1s)
  mass_location_cnn2d_cfdac_imag__head__k10               accuracy +0.451  (0.1s)
  mass_location_cnn2d_cfdac_imag__head__k20               accuracy +0.461  (0.1s)
  mass_location_cnn2d_cfdac_imag__head__k30               accuracy +0.464  (0.1s)
  mass_location_cnn2d_cfdac_imag__head__k40               accuracy +0.448  (0.1s)
  mass_location_cnn2d_cfdac_imag__head__k50               accuracy +0.450  (0.1s)
  mass_location_cnn2d_cfdac_imag__head_proj__k10          accuracy +0.465  (0.1s)
  mass_location_cnn2d_cfdac_imag__head_proj__k20          accuracy +0.477  (0.1s)
  mass_location_cnn2d_cfdac_imag__head_proj__k30          accuracy +0.482  (0.1s)
  mass_location_cnn2d_cfdac_imag__head_proj__k40          accuracy +0.458  (0.1s)
  mass_location_cnn2d_cfdac_imag__head_proj__k50          accuracy +0.463  (0.1s)
  mass_location_cnn2d_cfdac_mag__head__k10                accuracy +0.250  (0.1s)
  mass_location_cnn2d_cfdac_mag__head__k20                accuracy +0.250  (0.1s)
  mass_location_cnn2d_cfdac_mag__head__k30                accuracy +0.250  (0.1s)
  mass_location_cnn2d_cfdac_mag__head__k40                accuracy +0.250  (0.1s)
  mass_location_cnn2d_cfdac_mag__head__k50                accuracy +0.250  (0.1s)
  mass_location_cnn2d_cfdac_mag__head_proj__k10           accuracy +0.250  (0.1s)
  mass_location_cnn2d_cfdac_mag__head_proj__k20           accuracy +0.250  (0.1s)
  mass_location_cnn2d_cfdac_mag__head_proj__k30           accuracy +0.250  (0.1s)
  mass_location_cnn2d_cfdac_mag__head_proj__k40           accuracy +0.250  (0.1s)
  mass_location_cnn2d_cfdac_mag__head_proj__k50           accuracy +0.250  (0.1s)
  mass_location_cnn2d_cfdac_magphase__head__k10           accuracy +0.549  (0.1s)
  mass_location_cnn2d_cfdac_magphase__head__k20           accuracy +0.531  (0.1s)
  mass_location_cnn2d_cfdac_magphase__head__k30           accuracy +0.571  (0.1s)
  mass_location_cnn2d_cfdac_magphase__head__k40           accuracy +0.531  (0.1s)
  mass_location_cnn2d_cfdac_magphase__head__k50           accuracy +0.575  (0.1s)
  mass_location_cnn2d_cfdac_magphase__head_proj__k10      accuracy +0.653  (0.1s)
  mass_location_cnn2d_cfdac_magphase__head_proj__k20      accuracy +0.680  (0.1s)
  mass_location_cnn2d_cfdac_magphase__head_proj__k30      accuracy +0.616  (0.1s)
  mass_location_cnn2d_cfdac_magphase__head_proj__k40      accuracy +0.635  (0.1s)
  mass_location_cnn2d_cfdac_magphase__head_proj__k50      accuracy +0.700  (0.1s)
  mass_location_cnn2d_cfdac_phase__head__k10              accuracy +0.396  (0.1s)
  mass_location_cnn2d_cfdac_phase__head__k20              accuracy +0.406  (0.1s)
  mass_location_cnn2d_cfdac_phase__head__k30              accuracy +0.375  (0.1s)
  mass_location_cnn2d_cfdac_phase__head__k40              accuracy +0.375  (0.1s)
  mass_location_cnn2d_cfdac_phase__head__k50              accuracy +0.412  (0.1s)
  mass_location_cnn2d_cfdac_phase__head_proj__k10         accuracy +0.396  (0.1s)
  mass_location_cnn2d_cfdac_phase__head_proj__k20         accuracy +0.414  (0.1s)
  mass_location_cnn2d_cfdac_phase__head_proj__k30         accuracy +0.384  (0.1s)
  mass_location_cnn2d_cfdac_phase__head_proj__k40         accuracy +0.385  (0.1s)
  mass_location_cnn2d_cfdac_phase__head_proj__k50         accuracy +0.450  (0.1s)
  mass_location_cnn2d_cfdac_real__head__k10               accuracy +0.160  (0.1s)
  mass_location_cnn2d_cfdac_real__head__k20               accuracy +0.188  (0.1s)
  mass_location_cnn2d_cfdac_real__head__k30               accuracy +0.161  (0.1s)
  mass_location_cnn2d_cfdac_real__head__k40               accuracy +0.188  (0.1s)
  mass_location_cnn2d_cfdac_real__head__k50               accuracy +0.200  (0.1s)
  mass_location_cnn2d_cfdac_real__head_proj__k10          accuracy +0.326  (0.1s)
  mass_location_cnn2d_cfdac_real__head_proj__k20          accuracy +0.328  (0.1s)
  mass_location_cnn2d_cfdac_real__head_proj__k30          accuracy +0.330  (0.1s)
  mass_location_cnn2d_cfdac_real__head_proj__k40          accuracy +0.281  (0.1s)
  mass_location_cnn2d_cfdac_real__head_proj__k50          accuracy +0.412  (0.1s)
  mass_location_cnn_cfdac_imag__head__k10                 accuracy +0.632  (0.0s)
  mass_location_cnn_cfdac_imag__head__k20                 accuracy +0.539  (0.1s)
  mass_location_cnn_cfdac_imag__head__k30                 accuracy +0.509  (0.1s)
  mass_location_cnn_cfdac_imag__head__k40                 accuracy +0.510  (0.1s)
  mass_location_cnn_cfdac_imag__head__k50                 accuracy +0.525  (0.1s)
  mass_location_cnn_cfdac_imag__head_proj__k10            accuracy +0.535  (0.0s)
  mass_location_cnn_cfdac_imag__head_proj__k20            accuracy +0.578  (0.1s)
  mass_location_cnn_cfdac_imag__head_proj__k30            accuracy +0.714  (0.1s)
  mass_location_cnn_cfdac_imag__head_proj__k40            accuracy +0.688  (0.1s)
  mass_location_cnn_cfdac_imag__head_proj__k50            accuracy +0.400  (0.1s)
  mass_location_cnn_cfdac_mag__head__k10                  accuracy +0.250  (0.0s)
  mass_location_cnn_cfdac_mag__head__k20                  accuracy +0.250  (0.0s)
  mass_location_cnn_cfdac_mag__head__k30                  accuracy +0.250  (0.1s)
  mass_location_cnn_cfdac_mag__head__k40                  accuracy +0.250  (0.1s)
  mass_location_cnn_cfdac_mag__head__k50                  accuracy +0.200  (0.1s)
  mass_location_cnn_cfdac_mag__head_proj__k10             accuracy +0.250  (0.0s)
  mass_location_cnn_cfdac_mag__head_proj__k20             accuracy +0.250  (0.1s)
  mass_location_cnn_cfdac_mag__head_proj__k30             accuracy +0.250  (0.1s)
  mass_location_cnn_cfdac_mag__head_proj__k40             accuracy +0.250  (0.1s)
  mass_location_cnn_cfdac_mag__head_proj__k50             accuracy +0.338  (0.1s)
  FAIL build mass_location_cnn_cfdac_magphase head k=0.1: Error(s) in loading state_dict for Conv1DStack:
	size mismatch for features.0.weight: copying a param with shape torch.Size([32, 256, 7]) from checkpoint, the shape in current model is torch.Size([32, 128, 7]).
  FAIL build mass_location_cnn_cfdac_magphase head k=0.2: Error(s) in loading state_dict for Conv1DStack:
	size mismatch for features.0.weight: copying a param with shape torch.Size([32, 256, 7]) from checkpoint, the shape in current model is torch.Size([32, 128, 7]).
  FAIL build mass_location_cnn_cfdac_magphase head k=0.3: Error(s) in loading state_dict for Conv1DStack:
	size mismatch for features.0.weight: copying a param with shape torch.Size([32, 256, 7]) from checkpoint, the shape in current model is torch.Size([32, 128, 7]).
  FAIL build mass_location_cnn_cfdac_magphase head k=0.4: Error(s) in loading state_dict for Conv1DStack:
	size mismatch for features.0.weight: copying a param with shape torch.Size([32, 256, 7]) from checkpoint, the shape in current model is torch.Size([32, 128, 7]).
  FAIL build mass_location_cnn_cfdac_magphase head k=0.5: Error(s) in loading state_dict for Conv1DStack:
	size mismatch for features.0.weight: copying a param with shape torch.Size([32, 256, 7]) from checkpoint, the shape in current model is torch.Size([32, 128, 7]).
  FAIL build mass_location_cnn_cfdac_magphase head_proj k=0.1: Error(s) in loading state_dict for Conv1DStack:
	size mismatch for features.0.weight: copying a param with shape torch.Size([32, 256, 7]) from checkpoint, the shape in current model is torch.Size([32, 128, 7]).
  FAIL build mass_location_cnn_cfdac_magphase head_proj k=0.2: Error(s) in loading state_dict for Conv1DStack:
	size mismatch for features.0.weight: copying a param with shape torch.Size([32, 256, 7]) from checkpoint, the shape in current model is torch.Size([32, 128, 7]).
  FAIL build mass_location_cnn_cfdac_magphase head_proj k=0.3: Error(s) in loading state_dict for Conv1DStack:
	size mismatch for features.0.weight: copying a param with shape torch.Size([32, 256, 7]) from checkpoint, the shape in current model is torch.Size([32, 128, 7]).
  FAIL build mass_location_cnn_cfdac_magphase head_proj k=0.4: Error(s) in loading state_dict for Conv1DStack:
	size mismatch for features.0.weight: copying a param with shape torch.Size([32, 256, 7]) from checkpoint, the shape in current model is torch.Size([32, 128, 7]).
  FAIL build mass_location_cnn_cfdac_magphase head_proj k=0.5: Error(s) in loading state_dict for Conv1DStack:
	size mismatch for features.0.weight: copying a param with shape torch.Size([32, 256, 7]) from checkpoint, the shape in current model is torch.Size([32, 128, 7]).
  mass_location_cnn_cfdac_phase__head__k10                accuracy +0.243  (0.0s)
  mass_location_cnn_cfdac_phase__head__k20                accuracy +0.242  (0.0s)
  mass_location_cnn_cfdac_phase__head__k30                accuracy +0.241  (0.1s)
  mass_location_cnn_cfdac_phase__head__k40                accuracy +0.250  (0.1s)
  mass_location_cnn_cfdac_phase__head__k50                accuracy +0.200  (0.1s)
  mass_location_cnn_cfdac_phase__head_proj__k10           accuracy +0.250  (0.0s)
  mass_location_cnn_cfdac_phase__head_proj__k20           accuracy +0.250  (0.0s)
  mass_location_cnn_cfdac_phase__head_proj__k30           accuracy +0.250  (0.1s)
  mass_location_cnn_cfdac_phase__head_proj__k40           accuracy +0.250  (0.1s)
  mass_location_cnn_cfdac_phase__head_proj__k50           accuracy +0.287  (0.1s)
  mass_location_cnn_cfdac_real__head__k10                 accuracy +0.278  (0.0s)
  mass_location_cnn_cfdac_real__head__k20                 accuracy +0.312  (0.0s)
  mass_location_cnn_cfdac_real__head__k30                 accuracy +0.259  (0.1s)
  mass_location_cnn_cfdac_real__head__k40                 accuracy +0.292  (0.1s)
  mass_location_cnn_cfdac_real__head__k50                 accuracy +0.237  (0.1s)
  mass_location_cnn_cfdac_real__head_proj__k10            accuracy +0.188  (0.0s)
  mass_location_cnn_cfdac_real__head_proj__k20            accuracy +0.320  (0.0s)
  mass_location_cnn_cfdac_real__head_proj__k30            accuracy +0.188  (0.1s)
  mass_location_cnn_cfdac_real__head_proj__k40            accuracy +0.271  (0.1s)
  mass_location_cnn_cfdac_real__head_proj__k50            accuracy +0.200  (0.1s)
  FAIL build mass_location_cnn_cfdac_realimag head k=0.1: Error(s) in loading state_dict for Conv1DStack:
	size mismatch for features.0.weight: copying a param with shape torch.Size([32, 256, 7]) from checkpoint, the shape in current model is torch.Size([32, 128, 7]).
  FAIL build mass_location_cnn_cfdac_realimag head k=0.2: Error(s) in loading state_dict for Conv1DStack:
	size mismatch for features.0.weight: copying a param with shape torch.Size([32, 256, 7]) from checkpoint, the shape in current model is torch.Size([32, 128, 7]).
  FAIL build mass_location_cnn_cfdac_realimag head k=0.3: Error(s) in loading state_dict for Conv1DStack:
	size mismatch for features.0.weight: copying a param with shape torch.Size([32, 256, 7]) from checkpoint, the shape in current model is torch.Size([32, 128, 7]).
  FAIL build mass_location_cnn_cfdac_realimag head k=0.4: Error(s) in loading state_dict for Conv1DStack:
	size mismatch for features.0.weight: copying a param with shape torch.Size([32, 256, 7]) from checkpoint, the shape in current model is torch.Size([32, 128, 7]).
  FAIL build mass_location_cnn_cfdac_realimag head k=0.5: Error(s) in loading state_dict for Conv1DStack:
	size mismatch for features.0.weight: copying a param with shape torch.Size([32, 256, 7]) from checkpoint, the shape in current model is torch.Size([32, 128, 7]).
  FAIL build mass_location_cnn_cfdac_realimag head_proj k=0.1: Error(s) in loading state_dict for Conv1DStack:
	size mismatch for features.0.weight: copying a param with shape torch.Size([32, 256, 7]) from checkpoint, the shape in current model is torch.Size([32, 128, 7]).
  FAIL build mass_location_cnn_cfdac_realimag head_proj k=0.2: Error(s) in loading state_dict for Conv1DStack:
	size mismatch for features.0.weight: copying a param with shape torch.Size([32, 256, 7]) from checkpoint, the shape in current model is torch.Size([32, 128, 7]).
  FAIL build mass_location_cnn_cfdac_realimag head_proj k=0.3: Error(s) in loading state_dict for Conv1DStack:
	size mismatch for features.0.weight: copying a param with shape torch.Size([32, 256, 7]) from checkpoint, the shape in current model is torch.Size([32, 128, 7]).
  FAIL build mass_location_cnn_cfdac_realimag head_proj k=0.4: Error(s) in loading state_dict for Conv1DStack:
	size mismatch for features.0.weight: copying a param with shape torch.Size([32, 256, 7]) from checkpoint, the shape in current model is torch.Size([32, 128, 7]).
  FAIL build mass_location_cnn_cfdac_realimag head_proj k=0.5: Error(s) in loading state_dict for Conv1DStack:
	size mismatch for features.0.weight: copying a param with shape torch.Size([32, 256, 7]) from checkpoint, the shape in current model is torch.Size([32, 128, 7]).
  mass_location_cnn_frf_mag__head__k10                    accuracy +0.000  (0.1s)
  mass_location_cnn_frf_mag__head__k20                    accuracy +0.000  (0.1s)
  mass_location_cnn_frf_mag__head__k30                    accuracy +0.000  (0.1s)
  mass_location_cnn_frf_mag__head__k40                    accuracy +0.000  (0.1s)
  mass_location_cnn_frf_mag__head__k50                    accuracy +0.075  (0.1s)
  mass_location_cnn_frf_mag__head_proj__k10               accuracy +0.250  (0.0s)
  mass_location_cnn_frf_mag__head_proj__k20               accuracy +0.250  (0.1s)
  mass_location_cnn_frf_mag__head_proj__k30               accuracy +0.250  (0.1s)
  mass_location_cnn_frf_mag__head_proj__k40               accuracy +0.250  (0.1s)
  mass_location_cnn_frf_mag__head_proj__k50               accuracy +0.325  (0.1s)
  mass_location_cnn_timeseries__head__k10                 accuracy +0.229  (0.1s)
  mass_location_cnn_timeseries__head__k20                 accuracy +0.242  (0.1s)
  mass_location_cnn_timeseries__head__k30                 accuracy +0.232  (0.1s)
  mass_location_cnn_timeseries__head__k40                 accuracy +0.240  (0.1s)
  mass_location_cnn_timeseries__head__k50                 accuracy +0.212  (0.1s)
  mass_location_cnn_timeseries__head_proj__k10            accuracy +0.160  (0.0s)
  mass_location_cnn_timeseries__head_proj__k20            accuracy +0.195  (0.1s)
  mass_location_cnn_timeseries__head_proj__k30            accuracy +0.179  (0.1s)
  mass_location_cnn_timeseries__head_proj__k40            accuracy +0.177  (0.1s)
  mass_location_cnn_timeseries__head_proj__k50            accuracy +0.163  (0.1s)
  mass_location_mlp_cfdac_imag__head__k10                 accuracy +0.347  (0.1s)
  mass_location_mlp_cfdac_imag__head__k20                 accuracy +0.367  (0.1s)
  mass_location_mlp_cfdac_imag__head__k30                 accuracy +0.348  (0.1s)
  mass_location_mlp_cfdac_imag__head__k40                 accuracy +0.354  (0.1s)
  mass_location_mlp_cfdac_imag__head__k50                 accuracy +0.362  (0.1s)
  mass_location_mlp_cfdac_imag__head_proj__k10            accuracy +0.396  (0.1s)
  mass_location_mlp_cfdac_imag__head_proj__k20            accuracy +0.430  (0.1s)
  mass_location_mlp_cfdac_imag__head_proj__k30            accuracy +0.438  (0.1s)
  mass_location_mlp_cfdac_imag__head_proj__k40            accuracy +0.448  (0.1s)
  mass_location_mlp_cfdac_imag__head_proj__k50            accuracy +0.450  (0.1s)
  mass_location_mlp_cfdac_mag__head__k10                  accuracy +0.479  (0.1s)
  mass_location_mlp_cfdac_mag__head__k20                  accuracy +0.484  (0.1s)
  mass_location_mlp_cfdac_mag__head__k30                  accuracy +0.482  (0.1s)
  mass_location_mlp_cfdac_mag__head__k40                  accuracy +0.479  (0.1s)
  mass_location_mlp_cfdac_mag__head__k50                  accuracy +0.487  (0.1s)
  mass_location_mlp_cfdac_mag__head_proj__k10             accuracy +0.479  (0.1s)
  mass_location_mlp_cfdac_mag__head_proj__k20             accuracy +0.484  (0.1s)
  mass_location_mlp_cfdac_mag__head_proj__k30             accuracy +0.482  (0.1s)
  mass_location_mlp_cfdac_mag__head_proj__k40             accuracy +0.479  (0.1s)
  mass_location_mlp_cfdac_mag__head_proj__k50             accuracy +0.338  (0.1s)
  mass_location_mlp_cfdac_magphase__head__k10             accuracy +0.333  (0.1s)
  mass_location_mlp_cfdac_magphase__head__k20             accuracy +0.352  (0.1s)
  mass_location_mlp_cfdac_magphase__head__k30             accuracy +0.330  (0.1s)
  mass_location_mlp_cfdac_magphase__head__k40             accuracy +0.365  (0.1s)
  mass_location_mlp_cfdac_magphase__head__k50             accuracy +0.375  (0.1s)
  mass_location_mlp_cfdac_magphase__head_proj__k10        accuracy +0.201  (0.1s)
  mass_location_mlp_cfdac_magphase__head_proj__k20        accuracy +0.211  (0.1s)
  mass_location_mlp_cfdac_magphase__head_proj__k30        accuracy +0.161  (0.1s)
  mass_location_mlp_cfdac_magphase__head_proj__k40        accuracy +0.219  (0.1s)
  mass_location_mlp_cfdac_magphase__head_proj__k50        accuracy +0.388  (0.1s)
  mass_location_mlp_cfdac_phase__head__k10                accuracy +0.069  (0.1s)
  mass_location_mlp_cfdac_phase__head__k20                accuracy +0.086  (0.1s)
  mass_location_mlp_cfdac_phase__head__k30                accuracy +0.080  (0.1s)
  mass_location_mlp_cfdac_phase__head__k40                accuracy +0.094  (0.1s)
  mass_location_mlp_cfdac_phase__head__k50                accuracy +0.100  (0.1s)
  mass_location_mlp_cfdac_phase__head_proj__k10           accuracy +0.285  (0.1s)
  mass_location_mlp_cfdac_phase__head_proj__k20           accuracy +0.305  (0.1s)
  mass_location_mlp_cfdac_phase__head_proj__k30           accuracy +0.295  (0.1s)
  mass_location_mlp_cfdac_phase__head_proj__k40           accuracy +0.292  (0.1s)
  mass_location_mlp_cfdac_phase__head_proj__k50           accuracy +0.500  (0.1s)
  mass_location_mlp_cfdac_real__head__k10                 accuracy +0.069  (0.1s)
  mass_location_mlp_cfdac_real__head__k20                 accuracy +0.086  (0.1s)
  mass_location_mlp_cfdac_real__head__k30                 accuracy +0.080  (0.1s)
  mass_location_mlp_cfdac_real__head__k40                 accuracy +0.094  (0.1s)
  mass_location_mlp_cfdac_real__head__k50                 accuracy +0.100  (0.1s)
  mass_location_mlp_cfdac_real__head_proj__k10            accuracy +0.069  (0.1s)
  mass_location_mlp_cfdac_real__head_proj__k20            accuracy +0.086  (0.1s)
  mass_location_mlp_cfdac_real__head_proj__k30            accuracy +0.080  (0.1s)
  mass_location_mlp_cfdac_real__head_proj__k40            accuracy +0.094  (0.1s)
  mass_location_mlp_cfdac_real__head_proj__k50            accuracy +0.100  (0.1s)
  mass_location_mlp_cfdac_realimag__head__k10             accuracy +0.257  (0.1s)
  mass_location_mlp_cfdac_realimag__head__k20             accuracy +0.250  (0.1s)
  mass_location_mlp_cfdac_realimag__head__k30             accuracy +0.250  (0.1s)
  mass_location_mlp_cfdac_realimag__head__k40             accuracy +0.250  (0.1s)
  mass_location_mlp_cfdac_realimag__head__k50             accuracy +0.350  (0.1s)
  mass_location_mlp_cfdac_realimag__head_proj__k10        accuracy +0.069  (0.1s)
  mass_location_mlp_cfdac_realimag__head_proj__k20        accuracy +0.086  (0.1s)
  mass_location_mlp_cfdac_realimag__head_proj__k30        accuracy +0.080  (0.1s)
  mass_location_mlp_cfdac_realimag__head_proj__k40        accuracy +0.104  (0.1s)
  mass_location_mlp_cfdac_realimag__head_proj__k50        accuracy +0.100  (0.1s)
  mass_location_mlp_modal__head__k10                      accuracy +0.069  (0.0s)
  mass_location_mlp_modal__head__k20                      accuracy +0.086  (0.0s)
  mass_location_mlp_modal__head__k30                      accuracy +0.080  (0.0s)
  mass_location_mlp_modal__head__k40                      accuracy +0.094  (0.0s)
  mass_location_mlp_modal__head__k50                      accuracy +0.100  (0.0s)
  mass_location_mlp_modal__head_proj__k10                 accuracy +0.069  (0.0s)
  mass_location_mlp_modal__head_proj__k20                 accuracy +0.086  (0.0s)
  mass_location_mlp_modal__head_proj__k30                 accuracy +0.080  (0.0s)
  mass_location_mlp_modal__head_proj__k40                 accuracy +0.094  (0.0s)
  mass_location_mlp_modal__head_proj__k50                 accuracy +0.100  (0.0s)
  mass_location_transformer_cfdac_imag__head__k10         accuracy +0.306  (0.0s)
  mass_location_transformer_cfdac_imag__head__k20         accuracy +0.312  (0.1s)
  mass_location_transformer_cfdac_imag__head__k30         accuracy +0.295  (0.1s)
  mass_location_transformer_cfdac_imag__head__k40         accuracy +0.292  (0.1s)
  mass_location_transformer_cfdac_imag__head__k50         accuracy +0.300  (0.1s)
  mass_location_transformer_cfdac_imag__head_proj__k10    accuracy +0.306  (0.0s)
  mass_location_transformer_cfdac_imag__head_proj__k20    accuracy +0.312  (0.1s)
  mass_location_transformer_cfdac_imag__head_proj__k30    accuracy +0.295  (0.1s)
  mass_location_transformer_cfdac_imag__head_proj__k40    accuracy +0.292  (0.1s)
  mass_location_transformer_cfdac_imag__head_proj__k50    accuracy +0.300  (0.1s)
  mass_location_transformer_cfdac_mag__head__k10          accuracy +0.250  (0.0s)
  mass_location_transformer_cfdac_mag__head__k20          accuracy +0.250  (0.1s)
  mass_location_transformer_cfdac_mag__head__k30          accuracy +0.250  (0.1s)
  mass_location_transformer_cfdac_mag__head__k40          accuracy +0.250  (0.1s)
  mass_location_transformer_cfdac_mag__head__k50          accuracy +0.350  (0.1s)
  mass_location_transformer_cfdac_mag__head_proj__k10     accuracy +0.250  (0.0s)
  mass_location_transformer_cfdac_mag__head_proj__k20     accuracy +0.250  (0.1s)
  mass_location_transformer_cfdac_mag__head_proj__k30     accuracy +0.250  (0.1s)
  mass_location_transformer_cfdac_mag__head_proj__k40     accuracy +0.250  (0.1s)
  mass_location_transformer_cfdac_mag__head_proj__k50     accuracy +0.250  (0.1s)
  FAIL build mass_location_transformer_cfdac_magphase head k=0.1: Error(s) in loading state_dict for SmallTransformer:
	size mismatch for proj.weight: copying a param with shape torch.Size([48, 256, 16]) from checkpoint, the shape in current model is torch.Size([48, 128, 16]).
  FAIL build mass_location_transformer_cfdac_magphase head k=0.2: Error(s) in loading state_dict for SmallTransformer:
	size mismatch for proj.weight: copying a param with shape torch.Size([48, 256, 16]) from checkpoint, the shape in current model is torch.Size([48, 128, 16]).
  FAIL build mass_location_transformer_cfdac_magphase head k=0.3: Error(s) in loading state_dict for SmallTransformer:
	size mismatch for proj.weight: copying a param with shape torch.Size([48, 256, 16]) from checkpoint, the shape in current model is torch.Size([48, 128, 16]).
  FAIL build mass_location_transformer_cfdac_magphase head k=0.4: Error(s) in loading state_dict for SmallTransformer:
	size mismatch for proj.weight: copying a param with shape torch.Size([48, 256, 16]) from checkpoint, the shape in current model is torch.Size([48, 128, 16]).
  FAIL build mass_location_transformer_cfdac_magphase head k=0.5: Error(s) in loading state_dict for SmallTransformer:
	size mismatch for proj.weight: copying a param with shape torch.Size([48, 256, 16]) from checkpoint, the shape in current model is torch.Size([48, 128, 16]).
  FAIL build mass_location_transformer_cfdac_magphase head_proj k=0.1: Error(s) in loading state_dict for SmallTransformer:
	size mismatch for proj.weight: copying a param with shape torch.Size([48, 256, 16]) from checkpoint, the shape in current model is torch.Size([48, 128, 16]).
  FAIL build mass_location_transformer_cfdac_magphase head_proj k=0.2: Error(s) in loading state_dict for SmallTransformer:
	size mismatch for proj.weight: copying a param with shape torch.Size([48, 256, 16]) from checkpoint, the shape in current model is torch.Size([48, 128, 16]).
  FAIL build mass_location_transformer_cfdac_magphase head_proj k=0.3: Error(s) in loading state_dict for SmallTransformer:
	size mismatch for proj.weight: copying a param with shape torch.Size([48, 256, 16]) from checkpoint, the shape in current model is torch.Size([48, 128, 16]).
  FAIL build mass_location_transformer_cfdac_magphase head_proj k=0.4: Error(s) in loading state_dict for SmallTransformer:
	size mismatch for proj.weight: copying a param with shape torch.Size([48, 256, 16]) from checkpoint, the shape in current model is torch.Size([48, 128, 16]).
  FAIL build mass_location_transformer_cfdac_magphase head_proj k=0.5: Error(s) in loading state_dict for SmallTransformer:
	size mismatch for proj.weight: copying a param with shape torch.Size([48, 256, 16]) from checkpoint, the shape in current model is torch.Size([48, 128, 16]).
  mass_location_transformer_cfdac_phase__head__k10        accuracy +0.319  (0.1s)
  mass_location_transformer_cfdac_phase__head__k20        accuracy +0.320  (0.1s)
  mass_location_transformer_cfdac_phase__head__k30        accuracy +0.330  (0.1s)
  mass_location_transformer_cfdac_phase__head__k40        accuracy +0.302  (0.1s)
  mass_location_transformer_cfdac_phase__head__k50        accuracy +0.375  (0.1s)
  mass_location_transformer_cfdac_phase__head_proj__k10   accuracy +0.326  (0.0s)
  mass_location_transformer_cfdac_phase__head_proj__k20   accuracy +0.320  (0.1s)
  mass_location_transformer_cfdac_phase__head_proj__k30   accuracy +0.330  (0.1s)
  mass_location_transformer_cfdac_phase__head_proj__k40   accuracy +0.292  (0.1s)
  mass_location_transformer_cfdac_phase__head_proj__k50   accuracy +0.350  (0.1s)
  mass_location_transformer_cfdac_real__head__k10         accuracy +0.326  (0.0s)
  mass_location_transformer_cfdac_real__head__k20         accuracy +0.250  (0.1s)
  mass_location_transformer_cfdac_real__head__k30         accuracy +0.000  (0.1s)
  mass_location_transformer_cfdac_real__head__k40         accuracy +0.167  (0.1s)
  mass_location_transformer_cfdac_real__head__k50         accuracy +0.338  (0.1s)
  mass_location_transformer_cfdac_real__head_proj__k10    accuracy +0.236  (0.0s)
  mass_location_transformer_cfdac_real__head_proj__k20    accuracy +0.250  (0.1s)
  mass_location_transformer_cfdac_real__head_proj__k30    accuracy +0.286  (0.1s)
  mass_location_transformer_cfdac_real__head_proj__k40    accuracy +0.250  (0.1s)
  mass_location_transformer_cfdac_real__head_proj__k50    accuracy +0.250  (0.1s)
  FAIL build mass_location_transformer_cfdac_realimag head k=0.1: Error(s) in loading state_dict for SmallTransformer:
	size mismatch for proj.weight: copying a param with shape torch.Size([48, 256, 16]) from checkpoint, the shape in current model is torch.Size([48, 128, 16]).
  FAIL build mass_location_transformer_cfdac_realimag head k=0.2: Error(s) in loading state_dict for SmallTransformer:
	size mismatch for proj.weight: copying a param with shape torch.Size([48, 256, 16]) from checkpoint, the shape in current model is torch.Size([48, 128, 16]).
  FAIL build mass_location_transformer_cfdac_realimag head k=0.3: Error(s) in loading state_dict for SmallTransformer:
	size mismatch for proj.weight: copying a param with shape torch.Size([48, 256, 16]) from checkpoint, the shape in current model is torch.Size([48, 128, 16]).
  FAIL build mass_location_transformer_cfdac_realimag head k=0.4: Error(s) in loading state_dict for SmallTransformer:
	size mismatch for proj.weight: copying a param with shape torch.Size([48, 256, 16]) from checkpoint, the shape in current model is torch.Size([48, 128, 16]).
  FAIL build mass_location_transformer_cfdac_realimag head k=0.5: Error(s) in loading state_dict for SmallTransformer:
	size mismatch for proj.weight: copying a param with shape torch.Size([48, 256, 16]) from checkpoint, the shape in current model is torch.Size([48, 128, 16]).
  FAIL build mass_location_transformer_cfdac_realimag head_proj k=0.1: Error(s) in loading state_dict for SmallTransformer:
	size mismatch for proj.weight: copying a param with shape torch.Size([48, 256, 16]) from checkpoint, the shape in current model is torch.Size([48, 128, 16]).
  FAIL build mass_location_transformer_cfdac_realimag head_proj k=0.2: Error(s) in loading state_dict for SmallTransformer:
	size mismatch for proj.weight: copying a param with shape torch.Size([48, 256, 16]) from checkpoint, the shape in current model is torch.Size([48, 128, 16]).
  FAIL build mass_location_transformer_cfdac_realimag head_proj k=0.3: Error(s) in loading state_dict for SmallTransformer:
	size mismatch for proj.weight: copying a param with shape torch.Size([48, 256, 16]) from checkpoint, the shape in current model is torch.Size([48, 128, 16]).
  FAIL build mass_location_transformer_cfdac_realimag head_proj k=0.4: Error(s) in loading state_dict for SmallTransformer:
	size mismatch for proj.weight: copying a param with shape torch.Size([48, 256, 16]) from checkpoint, the shape in current model is torch.Size([48, 128, 16]).
  FAIL build mass_location_transformer_cfdac_realimag head_proj k=0.5: Error(s) in loading state_dict for SmallTransformer:
	size mismatch for proj.weight: copying a param with shape torch.Size([48, 256, 16]) from checkpoint, the shape in current model is torch.Size([48, 128, 16]).
  mass_location_transformer_frf_mag__head__k10            accuracy +0.326  (0.1s)
  mass_location_transformer_frf_mag__head__k20            accuracy +0.078  (0.1s)
  mass_location_transformer_frf_mag__head__k30            accuracy +0.098  (0.1s)
  mass_location_transformer_frf_mag__head__k40            accuracy +0.052  (0.1s)
  mass_location_transformer_frf_mag__head__k50            accuracy +0.250  (0.1s)
  mass_location_transformer_frf_mag__head_proj__k10       accuracy +0.056  (0.0s)
  mass_location_transformer_frf_mag__head_proj__k20       accuracy +0.078  (0.1s)
  mass_location_transformer_frf_mag__head_proj__k30       accuracy +0.098  (0.1s)
  mass_location_transformer_frf_mag__head_proj__k40       accuracy +0.062  (0.1s)
  mass_location_transformer_frf_mag__head_proj__k50       accuracy +0.250  (0.1s)
  mass_location_transformer_timeseries__head__k10         accuracy +0.299  (0.1s)
  mass_location_transformer_timeseries__head__k20         accuracy +0.312  (0.2s)
  mass_location_transformer_timeseries__head__k30         accuracy +0.312  (0.3s)
  mass_location_transformer_timeseries__head__k40         accuracy +0.323  (0.3s)
  mass_location_transformer_timeseries__head__k50         accuracy +0.325  (0.4s)
  mass_location_transformer_timeseries__head_proj__k10    accuracy +0.292  (0.1s)
  mass_location_transformer_timeseries__head_proj__k20    accuracy +0.312  (0.2s)
  mass_location_transformer_timeseries__head_proj__k30    accuracy +0.312  (0.3s)
  mass_location_transformer_timeseries__head_proj__k40    accuracy +0.323  (0.3s)
  mass_location_transformer_timeseries__head_proj__k50    accuracy +0.325  (0.4s)
  severity_cnn2d_cfdac__head__k10                         R2       -0.334  (0.4s)
  severity_cnn2d_cfdac__head__k20                         R2       -0.304  (0.5s)
  severity_cnn2d_cfdac__head__k30                         R2       -0.438  (0.5s)
  severity_cnn2d_cfdac__head__k40                         R2       -0.382  (0.5s)
  severity_cnn2d_cfdac__head__k50                         R2       -0.320  (0.6s)
  severity_cnn2d_cfdac__head_proj__k10                    R2       -0.419  (0.4s)
  severity_cnn2d_cfdac__head_proj__k20                    R2       -0.050  (0.5s)
  severity_cnn2d_cfdac__head_proj__k30                    R2       -0.108  (0.5s)
  severity_cnn2d_cfdac__head_proj__k40                    R2       +0.007  (0.7s)
  severity_cnn2d_cfdac__head_proj__k50                    R2       +0.083  (1.0s)
  severity_cnn2d_cfdac_imag__head__k10                    R2       -0.350  (0.5s)
  severity_cnn2d_cfdac_imag__head__k20                    R2       -0.323  (0.5s)
  severity_cnn2d_cfdac_imag__head__k30                    R2       -0.365  (0.5s)
  severity_cnn2d_cfdac_imag__head__k40                    R2       -0.301  (0.4s)
  severity_cnn2d_cfdac_imag__head__k50                    R2       -0.284  (0.5s)
  severity_cnn2d_cfdac_imag__head_proj__k10               R2       -0.451  (0.3s)
  severity_cnn2d_cfdac_imag__head_proj__k20               R2       -0.172  (0.3s)
  severity_cnn2d_cfdac_imag__head_proj__k30               R2       -0.179  (0.4s)
  severity_cnn2d_cfdac_imag__head_proj__k40               R2       -0.083  (0.4s)
  severity_cnn2d_cfdac_imag__head_proj__k50               R2       +0.026  (0.5s)
  severity_cnn2d_cfdac_mag__head__k10                     R2       -0.127  (0.2s)
  severity_cnn2d_cfdac_mag__head__k20                     R2       -0.130  (0.2s)
  severity_cnn2d_cfdac_mag__head__k30                     R2       -0.108  (0.2s)
  severity_cnn2d_cfdac_mag__head__k40                     R2       -0.074  (0.3s)
  severity_cnn2d_cfdac_mag__head__k50                     R2       -0.073  (0.3s)
  severity_cnn2d_cfdac_mag__head_proj__k10                R2       -0.189  (0.2s)
  severity_cnn2d_cfdac_mag__head_proj__k20                R2       -0.071  (0.2s)
  severity_cnn2d_cfdac_mag__head_proj__k30                R2       -0.048  (0.2s)
  severity_cnn2d_cfdac_mag__head_proj__k40                R2       +0.023  (0.3s)
  severity_cnn2d_cfdac_mag__head_proj__k50                R2       +0.010  (0.3s)
  severity_cnn2d_cfdac_magphase__head__k10                R2       -0.224  (0.3s)
  severity_cnn2d_cfdac_magphase__head__k20                R2       -0.140  (0.4s)
  severity_cnn2d_cfdac_magphase__head__k30                R2       -0.239  (0.4s)
  severity_cnn2d_cfdac_magphase__head__k40                R2       -0.196  (0.5s)
  severity_cnn2d_cfdac_magphase__head__k50                R2       -0.153  (0.5s)
  severity_cnn2d_cfdac_magphase__head_proj__k10           R2       -0.306  (0.5s)
  severity_cnn2d_cfdac_magphase__head_proj__k20           R2       -0.041  (0.5s)
  severity_cnn2d_cfdac_magphase__head_proj__k30           R2       -0.040  (0.5s)
  severity_cnn2d_cfdac_magphase__head_proj__k40           R2       -0.068  (0.5s)
  severity_cnn2d_cfdac_magphase__head_proj__k50           R2       +0.025  (0.6s)
  severity_cnn2d_cfdac_phase__head__k10                   R2       -0.341  (0.1s)
  severity_cnn2d_cfdac_phase__head__k20                   R2       -0.226  (0.2s)
  severity_cnn2d_cfdac_phase__head__k30                   R2       -0.280  (0.2s)
  severity_cnn2d_cfdac_phase__head__k40                   R2       -0.217  (0.2s)
  severity_cnn2d_cfdac_phase__head__k50                   R2       -0.181  (0.3s)
  severity_cnn2d_cfdac_phase__head_proj__k10              R2       -0.887  (0.2s)
  severity_cnn2d_cfdac_phase__head_proj__k20              R2       -0.163  (0.2s)
  severity_cnn2d_cfdac_phase__head_proj__k30              R2       -0.128  (0.2s)
  severity_cnn2d_cfdac_phase__head_proj__k40              R2       -0.058  (0.2s)
  severity_cnn2d_cfdac_phase__head_proj__k50              R2       -0.052  (0.3s)
  severity_cnn2d_cfdac_real__head__k10                    R2       -0.175  (0.4s)
  severity_cnn2d_cfdac_real__head__k20                    R2       -0.136  (0.4s)
  severity_cnn2d_cfdac_real__head__k30                    R2       -0.231  (0.4s)
  severity_cnn2d_cfdac_real__head__k40                    R2       -0.212  (0.4s)
  severity_cnn2d_cfdac_real__head__k50                    R2       -0.167  (0.5s)
  severity_cnn2d_cfdac_real__head_proj__k10               R2       -0.139  (0.4s)
  severity_cnn2d_cfdac_real__head_proj__k20               R2       +0.013  (0.3s)
  severity_cnn2d_cfdac_real__head_proj__k30               R2       +0.001  (0.4s)
  severity_cnn2d_cfdac_real__head_proj__k40               R2       +0.058  (0.4s)
  severity_cnn2d_cfdac_real__head_proj__k50               R2       +0.105  (0.5s)
  severity_cnn_cfdac_imag__head__k10                      R2       -0.098  (0.2s)
  severity_cnn_cfdac_imag__head__k20                      R2       -0.043  (0.2s)
  severity_cnn_cfdac_imag__head__k30                      R2       -0.087  (0.2s)
  severity_cnn_cfdac_imag__head__k40                      R2       -0.054  (0.2s)
  severity_cnn_cfdac_imag__head__k50                      R2       -0.032  (0.2s)
  severity_cnn_cfdac_imag__head_proj__k10                 R2       -0.635  (0.1s)
  severity_cnn_cfdac_imag__head_proj__k20                 R2       +0.035  (0.1s)
  severity_cnn_cfdac_imag__head_proj__k30                 R2       +0.084  (0.2s)
  severity_cnn_cfdac_imag__head_proj__k40                 R2       +0.079  (0.2s)
  severity_cnn_cfdac_imag__head_proj__k50                 R2       +0.191  (0.2s)
  severity_cnn_cfdac_mag__head__k10                       R2       -1.864  (0.1s)
  severity_cnn_cfdac_mag__head__k20                       R2       -1.032  (0.2s)
  severity_cnn_cfdac_mag__head__k30                       R2       -0.627  (0.2s)
  severity_cnn_cfdac_mag__head__k40                       R2       -0.372  (0.2s)
  severity_cnn_cfdac_mag__head__k50                       R2       -0.263  (0.2s)
  severity_cnn_cfdac_mag__head_proj__k10                  R2       -0.216  (0.1s)
  severity_cnn_cfdac_mag__head_proj__k20                  R2       -0.364  (0.2s)
  severity_cnn_cfdac_mag__head_proj__k30                  R2       -0.019  (0.2s)
  severity_cnn_cfdac_mag__head_proj__k40                  R2       -0.039  (0.2s)
  severity_cnn_cfdac_mag__head_proj__k50                  R2       -0.052  (0.2s)
  FAIL build severity_cnn_cfdac_magphase head k=0.1: Error(s) in loading state_dict for Conv1DStack:
	size mismatch for features.0.weight: copying a param with shape torch.Size([32, 256, 7]) from checkpoint, the shape in current model is torch.Size([32, 128, 7]).
  FAIL build severity_cnn_cfdac_magphase head k=0.2: Error(s) in loading state_dict for Conv1DStack:
	size mismatch for features.0.weight: copying a param with shape torch.Size([32, 256, 7]) from checkpoint, the shape in current model is torch.Size([32, 128, 7]).
  FAIL build severity_cnn_cfdac_magphase head k=0.3: Error(s) in loading state_dict for Conv1DStack:
	size mismatch for features.0.weight: copying a param with shape torch.Size([32, 256, 7]) from checkpoint, the shape in current model is torch.Size([32, 128, 7]).
  FAIL build severity_cnn_cfdac_magphase head k=0.4: Error(s) in loading state_dict for Conv1DStack:
	size mismatch for features.0.weight: copying a param with shape torch.Size([32, 256, 7]) from checkpoint, the shape in current model is torch.Size([32, 128, 7]).
  FAIL build severity_cnn_cfdac_magphase head k=0.5: Error(s) in loading state_dict for Conv1DStack:
	size mismatch for features.0.weight: copying a param with shape torch.Size([32, 256, 7]) from checkpoint, the shape in current model is torch.Size([32, 128, 7]).
  FAIL build severity_cnn_cfdac_magphase head_proj k=0.1: Error(s) in loading state_dict for Conv1DStack:
	size mismatch for features.0.weight: copying a param with shape torch.Size([32, 256, 7]) from checkpoint, the shape in current model is torch.Size([32, 128, 7]).
  FAIL build severity_cnn_cfdac_magphase head_proj k=0.2: Error(s) in loading state_dict for Conv1DStack:
	size mismatch for features.0.weight: copying a param with shape torch.Size([32, 256, 7]) from checkpoint, the shape in current model is torch.Size([32, 128, 7]).
  FAIL build severity_cnn_cfdac_magphase head_proj k=0.3: Error(s) in loading state_dict for Conv1DStack:
	size mismatch for features.0.weight: copying a param with shape torch.Size([32, 256, 7]) from checkpoint, the shape in current model is torch.Size([32, 128, 7]).
  FAIL build severity_cnn_cfdac_magphase head_proj k=0.4: Error(s) in loading state_dict for Conv1DStack:
	size mismatch for features.0.weight: copying a param with shape torch.Size([32, 256, 7]) from checkpoint, the shape in current model is torch.Size([32, 128, 7]).
  FAIL build severity_cnn_cfdac_magphase head_proj k=0.5: Error(s) in loading state_dict for Conv1DStack:
	size mismatch for features.0.weight: copying a param with shape torch.Size([32, 256, 7]) from checkpoint, the shape in current model is torch.Size([32, 128, 7]).
  severity_cnn_cfdac_phase__head__k10                     R2       -0.112  (0.1s)
  severity_cnn_cfdac_phase__head__k20                     R2       -0.037  (0.2s)
  severity_cnn_cfdac_phase__head__k30                     R2       -0.150  (0.2s)
  severity_cnn_cfdac_phase__head__k40                     R2       -0.075  (0.2s)
  severity_cnn_cfdac_phase__head__k50                     R2       -0.035  (0.2s)
  severity_cnn_cfdac_phase__head_proj__k10                R2       -0.652  (0.1s)
  severity_cnn_cfdac_phase__head_proj__k20                R2       +0.041  (0.2s)
  severity_cnn_cfdac_phase__head_proj__k30                R2       -0.009  (0.2s)
  severity_cnn_cfdac_phase__head_proj__k40                R2       +0.063  (0.2s)
  severity_cnn_cfdac_phase__head_proj__k50                R2       +0.088  (0.2s)
  severity_cnn_cfdac_real__head__k10                      R2       -9.797  (0.1s)
  severity_cnn_cfdac_real__head__k20                      R2       -3.955  (0.2s)
  severity_cnn_cfdac_real__head__k30                      R2       -2.488  (0.2s)
  severity_cnn_cfdac_real__head__k40                      R2       -1.351  (0.2s)
  severity_cnn_cfdac_real__head__k50                      R2       -1.313  (0.2s)
  severity_cnn_cfdac_real__head_proj__k10                 R2       -1.370  (0.1s)
  severity_cnn_cfdac_real__head_proj__k20                 R2       -0.037  (0.1s)
  severity_cnn_cfdac_real__head_proj__k30                 R2       -0.350  (0.2s)
  severity_cnn_cfdac_real__head_proj__k40                 R2       +0.035  (0.2s)
  severity_cnn_cfdac_real__head_proj__k50                 R2       +0.149  (0.2s)
  FAIL build severity_cnn_cfdac_realimag head k=0.1: Error(s) in loading state_dict for Conv1DStack:
	size mismatch for features.0.weight: copying a param with shape torch.Size([32, 256, 7]) from checkpoint, the shape in current model is torch.Size([32, 128, 7]).
  FAIL build severity_cnn_cfdac_realimag head k=0.2: Error(s) in loading state_dict for Conv1DStack:
	size mismatch for features.0.weight: copying a param with shape torch.Size([32, 256, 7]) from checkpoint, the shape in current model is torch.Size([32, 128, 7]).
  FAIL build severity_cnn_cfdac_realimag head k=0.3: Error(s) in loading state_dict for Conv1DStack:
	size mismatch for features.0.weight: copying a param with shape torch.Size([32, 256, 7]) from checkpoint, the shape in current model is torch.Size([32, 128, 7]).
  FAIL build severity_cnn_cfdac_realimag head k=0.4: Error(s) in loading state_dict for Conv1DStack:
	size mismatch for features.0.weight: copying a param with shape torch.Size([32, 256, 7]) from checkpoint, the shape in current model is torch.Size([32, 128, 7]).
  FAIL build severity_cnn_cfdac_realimag head k=0.5: Error(s) in loading state_dict for Conv1DStack:
	size mismatch for features.0.weight: copying a param with shape torch.Size([32, 256, 7]) from checkpoint, the shape in current model is torch.Size([32, 128, 7]).
  FAIL build severity_cnn_cfdac_realimag head_proj k=0.1: Error(s) in loading state_dict for Conv1DStack:
	size mismatch for features.0.weight: copying a param with shape torch.Size([32, 256, 7]) from checkpoint, the shape in current model is torch.Size([32, 128, 7]).
  FAIL build severity_cnn_cfdac_realimag head_proj k=0.2: Error(s) in loading state_dict for Conv1DStack:
	size mismatch for features.0.weight: copying a param with shape torch.Size([32, 256, 7]) from checkpoint, the shape in current model is torch.Size([32, 128, 7]).
  FAIL build severity_cnn_cfdac_realimag head_proj k=0.3: Error(s) in loading state_dict for Conv1DStack:
	size mismatch for features.0.weight: copying a param with shape torch.Size([32, 256, 7]) from checkpoint, the shape in current model is torch.Size([32, 128, 7]).
  FAIL build severity_cnn_cfdac_realimag head_proj k=0.4: Error(s) in loading state_dict for Conv1DStack:
	size mismatch for features.0.weight: copying a param with shape torch.Size([32, 256, 7]) from checkpoint, the shape in current model is torch.Size([32, 128, 7]).
  FAIL build severity_cnn_cfdac_realimag head_proj k=0.5: Error(s) in loading state_dict for Conv1DStack:
	size mismatch for features.0.weight: copying a param with shape torch.Size([32, 256, 7]) from checkpoint, the shape in current model is torch.Size([32, 128, 7]).
  severity_cnn_frf_mag__head__k10                         R2       -2.004  (0.1s)
  severity_cnn_frf_mag__head__k20                         R2       -1.637  (0.1s)
  severity_cnn_frf_mag__head__k30                         R2       -1.048  (0.1s)
  severity_cnn_frf_mag__head__k40                         R2       -0.787  (0.1s)
  severity_cnn_frf_mag__head__k50                         R2       -0.474  (0.2s)
  severity_cnn_frf_mag__head_proj__k10                    R2       -1.065  (0.1s)
  severity_cnn_frf_mag__head_proj__k20                    R2       -0.450  (0.1s)
  severity_cnn_frf_mag__head_proj__k30                    R2       +0.104  (0.1s)
  severity_cnn_frf_mag__head_proj__k40                    R2       +0.139  (0.1s)
  severity_cnn_frf_mag__head_proj__k50                    R2       +0.124  (0.2s)
  severity_cnn_timeseries__head__k10                      R2       -4.155  (0.6s)
  severity_cnn_timeseries__head__k20                      R2       -1.833  (0.7s)
  severity_cnn_timeseries__head__k30                      R2       -1.188  (0.6s)
  severity_cnn_timeseries__head__k40                      R2       -0.593  (0.7s)
  severity_cnn_timeseries__head__k50                      R2       -0.426  (0.8s)
  severity_cnn_timeseries__head_proj__k10                 R2       -1.146  (0.7s)
  severity_cnn_timeseries__head_proj__k20                 R2       +0.025  (0.7s)
  severity_cnn_timeseries__head_proj__k30                 R2       +0.062  (0.7s)
  severity_cnn_timeseries__head_proj__k40                 R2       +0.031  (0.7s)
  severity_cnn_timeseries__head_proj__k50                 R2       +0.116  (0.8s)
  severity_mlp_cfdac_imag__head__k10                      R2       -3.262  (0.2s)
  severity_mlp_cfdac_imag__head__k20                      R2       -3.211  (0.2s)
  severity_mlp_cfdac_imag__head__k30                      R2       -2.915  (0.2s)
  severity_mlp_cfdac_imag__head__k40                      R2       -2.615  (0.2s)
  severity_mlp_cfdac_imag__head__k50                      R2       -2.416  (0.2s)
  severity_mlp_cfdac_imag__head_proj__k10                 R2       -2.127  (0.1s)
  severity_mlp_cfdac_imag__head_proj__k20                 R2       -1.130  (0.2s)
  severity_mlp_cfdac_imag__head_proj__k30                 R2       -0.389  (0.2s)
  severity_mlp_cfdac_imag__head_proj__k40                 R2       -0.048  (0.2s)
  severity_mlp_cfdac_imag__head_proj__k50                 R2       -0.087  (0.2s)
  severity_mlp_cfdac_mag__head__k10                       R2       -0.482  (0.1s)
  severity_mlp_cfdac_mag__head__k20                       R2       -0.394  (0.2s)
  severity_mlp_cfdac_mag__head__k30                       R2       -0.381  (0.2s)
  severity_mlp_cfdac_mag__head__k40                       R2       -0.318  (0.2s)
  severity_mlp_cfdac_mag__head__k50                       R2       -0.347  (0.2s)
  severity_mlp_cfdac_mag__head_proj__k10                  R2       -0.433  (0.1s)
  severity_mlp_cfdac_mag__head_proj__k20                  R2       -0.221  (0.2s)
  severity_mlp_cfdac_mag__head_proj__k30                  R2       -0.174  (0.2s)
  severity_mlp_cfdac_mag__head_proj__k40                  R2       -0.147  (0.2s)
  severity_mlp_cfdac_mag__head_proj__k50                  R2       +0.001  (0.2s)
  severity_mlp_cfdac_magphase__head__k10                  R2       -1.721  (0.3s)
  severity_mlp_cfdac_magphase__head__k20                  R2       -1.309  (0.3s)
  severity_mlp_cfdac_magphase__head__k30                  R2       -0.875  (0.4s)
  severity_mlp_cfdac_magphase__head__k40                  R2       -0.570  (0.4s)
  severity_mlp_cfdac_magphase__head__k50                  R2       -0.466  (0.4s)
  severity_mlp_cfdac_magphase__head_proj__k10             R2       -0.820  (0.3s)
  severity_mlp_cfdac_magphase__head_proj__k20             R2       -0.381  (0.3s)
  severity_mlp_cfdac_magphase__head_proj__k30             R2       -0.464  (0.4s)
  severity_mlp_cfdac_magphase__head_proj__k40             R2       -0.199  (0.4s)
  severity_mlp_cfdac_magphase__head_proj__k50             R2       -0.358  (0.5s)
  severity_mlp_cfdac_phase__head__k10                     R2       -0.621  (0.2s)
  severity_mlp_cfdac_phase__head__k20                     R2       -0.466  (0.2s)
  severity_mlp_cfdac_phase__head__k30                     R2       -0.261  (0.2s)
  severity_mlp_cfdac_phase__head__k40                     R2       -0.141  (0.2s)
  severity_mlp_cfdac_phase__head__k50                     R2       -0.114  (0.2s)
  severity_mlp_cfdac_phase__head_proj__k10                R2       -0.182  (0.1s)
  severity_mlp_cfdac_phase__head_proj__k20                R2       -0.037  (0.2s)
  severity_mlp_cfdac_phase__head_proj__k30                R2       -0.020  (0.2s)
  severity_mlp_cfdac_phase__head_proj__k40                R2       +0.062  (0.2s)
  severity_mlp_cfdac_phase__head_proj__k50                R2       +0.044  (0.2s)
  severity_mlp_cfdac_real__head__k10                      R2       -1.109  (0.2s)
  severity_mlp_cfdac_real__head__k20                      R2       -0.876  (0.2s)
  severity_mlp_cfdac_real__head__k30                      R2       -0.696  (0.2s)
  severity_mlp_cfdac_real__head__k40                      R2       -0.535  (0.2s)
  severity_mlp_cfdac_real__head__k50                      R2       -0.557  (0.2s)
  severity_mlp_cfdac_real__head_proj__k10                 R2       -0.616  (0.1s)
  severity_mlp_cfdac_real__head_proj__k20                 R2       -0.377  (0.2s)
  severity_mlp_cfdac_real__head_proj__k30                 R2       -0.341  (0.2s)
  severity_mlp_cfdac_real__head_proj__k40                 R2       -0.174  (0.2s)
  severity_mlp_cfdac_real__head_proj__k50                 R2       -0.204  (0.2s)
  severity_mlp_cfdac_realimag__head__k10                  R2       -1.097  (0.3s)
  severity_mlp_cfdac_realimag__head__k20                  R2       -0.957  (0.3s)
  severity_mlp_cfdac_realimag__head__k30                  R2       -0.764  (0.4s)
  severity_mlp_cfdac_realimag__head__k40                  R2       -0.574  (0.4s)
  severity_mlp_cfdac_realimag__head__k50                  R2       -0.515  (0.5s)
  severity_mlp_cfdac_realimag__head_proj__k10             R2       -0.595  (0.3s)
  severity_mlp_cfdac_realimag__head_proj__k20             R2       -0.195  (0.3s)
  severity_mlp_cfdac_realimag__head_proj__k30             R2       -0.104  (0.4s)
  severity_mlp_cfdac_realimag__head_proj__k40             R2       -0.047  (0.4s)
  severity_mlp_cfdac_realimag__head_proj__k50             R2       +0.039  (0.4s)
  severity_mlp_modal__head__k10                           R2       -16.945  (0.1s)
  severity_mlp_modal__head__k20                           R2       -6.200  (0.0s)
  severity_mlp_modal__head__k30                           R2       -1.056  (0.0s)
  severity_mlp_modal__head__k40                           R2       +0.017  (0.1s)
  severity_mlp_modal__head__k50                           R2       -0.936  (0.1s)
  severity_mlp_modal__head_proj__k10                      R2       -3.817  (0.0s)
  severity_mlp_modal__head_proj__k20                      R2       -0.176  (0.0s)
  severity_mlp_modal__head_proj__k30                      R2       -1.593  (0.0s)
  severity_mlp_modal__head_proj__k40                      R2       -1.396  (0.1s)
  severity_mlp_modal__head_proj__k50                      R2       -1.041  (0.1s)
  severity_transformer_frf_mag__head__k10                 R2       -0.022  (0.1s)
  severity_transformer_frf_mag__head__k20                 R2       +0.030  (0.1s)
  severity_transformer_frf_mag__head__k30                 R2       +0.029  (0.2s)
  severity_transformer_frf_mag__head__k40                 R2       +0.034  (0.3s)
  severity_transformer_frf_mag__head__k50                 R2       +0.024  (0.3s)
  severity_transformer_frf_mag__head_proj__k10            R2       -0.050  (0.1s)
  severity_transformer_frf_mag__head_proj__k20            R2       +0.031  (0.1s)
  severity_transformer_frf_mag__head_proj__k30            R2       +0.029  (0.2s)
  severity_transformer_frf_mag__head_proj__k40            R2       +0.027  (0.2s)
  severity_transformer_frf_mag__head_proj__k50            R2       +0.028  (0.3s)
  severity_transformer_timeseries__head__k10              R2       +0.042  (0.4s)
  severity_transformer_timeseries__head__k20              R2       +0.051  (0.6s)
  severity_transformer_timeseries__head__k30              R2       -0.015  (0.9s)
  severity_transformer_timeseries__head__k40              R2       +0.039  (1.1s)
  severity_transformer_timeseries__head__k50              R2       +0.049  (1.4s)
  severity_transformer_timeseries__head_proj__k10         R2       +0.035  (0.4s)
  severity_transformer_timeseries__head_proj__k20         R2       +0.051  (0.7s)
  severity_transformer_timeseries__head_proj__k30         R2       -0.013  (0.9s)
  severity_transformer_timeseries__head_proj__k40         R2       +0.046  (1.1s)
  severity_transformer_timeseries__head_proj__k50         R2       +0.058  (1.4s)
  type_cnn2d_cfdac__head__k10                             accuracy +0.312  (0.4s)
  type_cnn2d_cfdac__head__k20                             accuracy +0.314  (0.5s)
  type_cnn2d_cfdac__head__k30                             accuracy +0.361  (0.5s)
  type_cnn2d_cfdac__head__k40                             accuracy +0.355  (0.6s)
  type_cnn2d_cfdac__head__k50                             accuracy +0.362  (0.6s)
  type_cnn2d_cfdac__head_proj__k10                        accuracy +0.312  (0.5s)
  type_cnn2d_cfdac__head_proj__k20                        accuracy +0.349  (0.5s)
  type_cnn2d_cfdac__head_proj__k30                        accuracy +0.340  (0.5s)
  type_cnn2d_cfdac__head_proj__k40                        accuracy +0.397  (0.6s)
  type_cnn2d_cfdac__head_proj__k50                        accuracy +0.368  (0.6s)
  type_cnn2d_cfdac_imag__head__k10                        accuracy +0.312  (0.4s)
  type_cnn2d_cfdac_imag__head__k20                        accuracy +0.318  (0.5s)
  type_cnn2d_cfdac_imag__head__k30                        accuracy +0.357  (0.4s)
  type_cnn2d_cfdac_imag__head__k40                        accuracy +0.348  (0.5s)
  type_cnn2d_cfdac_imag__head__k50                        accuracy +0.332  (0.5s)
  type_cnn2d_cfdac_imag__head_proj__k10                   accuracy +0.309  (0.4s)
  type_cnn2d_cfdac_imag__head_proj__k20                   accuracy +0.347  (0.4s)
  type_cnn2d_cfdac_imag__head_proj__k30                   accuracy +0.342  (0.4s)
  type_cnn2d_cfdac_imag__head_proj__k40                   accuracy +0.370  (0.5s)
  type_cnn2d_cfdac_imag__head_proj__k50                   accuracy +0.353  (0.5s)
  type_cnn2d_cfdac_mag__head__k10                         accuracy +0.302  (0.3s)
  type_cnn2d_cfdac_mag__head__k20                         accuracy +0.312  (0.3s)
  type_cnn2d_cfdac_mag__head__k30                         accuracy +0.334  (0.3s)
  type_cnn2d_cfdac_mag__head__k40                         accuracy +0.319  (0.3s)
  type_cnn2d_cfdac_mag__head__k50                         accuracy +0.344  (0.3s)
  type_cnn2d_cfdac_mag__head_proj__k10                    accuracy +0.301  (0.2s)
  type_cnn2d_cfdac_mag__head_proj__k20                    accuracy +0.351  (0.2s)
  type_cnn2d_cfdac_mag__head_proj__k30                    accuracy +0.366  (0.2s)
  type_cnn2d_cfdac_mag__head_proj__k40                    accuracy +0.336  (0.3s)
  type_cnn2d_cfdac_mag__head_proj__k50                    accuracy +0.353  (0.3s)
  type_cnn2d_cfdac_magphase__head__k10                    accuracy +0.273  (0.3s)
  type_cnn2d_cfdac_magphase__head__k20                    accuracy +0.263  (0.4s)
  type_cnn2d_cfdac_magphase__head__k30                    accuracy +0.284  (0.4s)
  type_cnn2d_cfdac_magphase__head__k40                    accuracy +0.265  (0.5s)
  type_cnn2d_cfdac_magphase__head__k50                    accuracy +0.262  (0.5s)
  type_cnn2d_cfdac_magphase__head_proj__k10               accuracy +0.268  (0.4s)
  type_cnn2d_cfdac_magphase__head_proj__k20               accuracy +0.270  (0.4s)
  type_cnn2d_cfdac_magphase__head_proj__k30               accuracy +0.282  (0.5s)
  type_cnn2d_cfdac_magphase__head_proj__k40               accuracy +0.294  (0.5s)
  type_cnn2d_cfdac_magphase__head_proj__k50               accuracy +0.262  (0.6s)
  type_cnn2d_cfdac_phase__head__k10                       accuracy +0.283  (0.3s)
  type_cnn2d_cfdac_phase__head__k20                       accuracy +0.283  (0.4s)
  type_cnn2d_cfdac_phase__head__k30                       accuracy +0.347  (0.4s)
  type_cnn2d_cfdac_phase__head__k40                       accuracy +0.343  (0.4s)
  type_cnn2d_cfdac_phase__head__k50                       accuracy +0.318  (0.5s)
  type_cnn2d_cfdac_phase__head_proj__k10                  accuracy +0.320  (0.4s)
  type_cnn2d_cfdac_phase__head_proj__k20                  accuracy +0.322  (0.4s)
  type_cnn2d_cfdac_phase__head_proj__k30                  accuracy +0.324  (0.4s)
  type_cnn2d_cfdac_phase__head_proj__k40                  accuracy +0.294  (0.4s)
  type_cnn2d_cfdac_phase__head_proj__k50                  accuracy +0.294  (0.5s)
  type_cnn2d_cfdac_real__head__k10                        accuracy +0.281  (0.4s)
  type_cnn2d_cfdac_real__head__k20                        accuracy +0.283  (0.5s)
  type_cnn2d_cfdac_real__head__k30                        accuracy +0.275  (0.4s)
  type_cnn2d_cfdac_real__head__k40                        accuracy +0.265  (0.5s)
  type_cnn2d_cfdac_real__head__k50                        accuracy +0.288  (0.5s)
  type_cnn2d_cfdac_real__head_proj__k10                   accuracy +0.284  (0.4s)
  type_cnn2d_cfdac_real__head_proj__k20                   accuracy +0.289  (0.5s)
  type_cnn2d_cfdac_real__head_proj__k30                   accuracy +0.277  (0.4s)
  type_cnn2d_cfdac_real__head_proj__k40                   accuracy +0.287  (0.4s)
  type_cnn2d_cfdac_real__head_proj__k50                   accuracy +0.312  (0.6s)
  type_cnn_cfdac_imag__head__k10                          accuracy +0.296  (0.2s)
  type_cnn_cfdac_imag__head__k20                          accuracy +0.289  (0.2s)
  type_cnn_cfdac_imag__head__k30                          accuracy +0.324  (0.2s)
  type_cnn_cfdac_imag__head__k40                          accuracy +0.365  (0.2s)
  type_cnn_cfdac_imag__head__k50                          accuracy +0.371  (0.3s)
  type_cnn_cfdac_imag__head_proj__k10                     accuracy +0.304  (0.1s)
  type_cnn_cfdac_imag__head_proj__k20                     accuracy +0.364  (0.2s)
  type_cnn_cfdac_imag__head_proj__k30                     accuracy +0.382  (0.2s)
  type_cnn_cfdac_imag__head_proj__k40                     accuracy +0.365  (0.2s)
  type_cnn_cfdac_imag__head_proj__k50                     accuracy +0.388  (0.2s)
  type_cnn_cfdac_mag__head__k10                           accuracy +0.368  (0.2s)
  type_cnn_cfdac_mag__head__k20                           accuracy +0.417  (0.2s)
  type_cnn_cfdac_mag__head__k30                           accuracy +0.447  (0.2s)
  type_cnn_cfdac_mag__head__k40                           accuracy +0.483  (0.2s)
  type_cnn_cfdac_mag__head__k50                           accuracy +0.456  (0.3s)
  type_cnn_cfdac_mag__head_proj__k10                      accuracy +0.342  (0.2s)
  type_cnn_cfdac_mag__head_proj__k20                      accuracy +0.414  (0.2s)
  type_cnn_cfdac_mag__head_proj__k30                      accuracy +0.456  (0.3s)
  type_cnn_cfdac_mag__head_proj__k40                      accuracy +0.412  (0.3s)
  type_cnn_cfdac_mag__head_proj__k50                      accuracy +0.415  (0.3s)
  FAIL build type_cnn_cfdac_magphase head k=0.1: Error(s) in loading state_dict for Conv1DStack:
	size mismatch for features.0.weight: copying a param with shape torch.Size([32, 256, 7]) from checkpoint, the shape in current model is torch.Size([32, 128, 7]).
  FAIL build type_cnn_cfdac_magphase head k=0.2: Error(s) in loading state_dict for Conv1DStack:
	size mismatch for features.0.weight: copying a param with shape torch.Size([32, 256, 7]) from checkpoint, the shape in current model is torch.Size([32, 128, 7]).
  FAIL build type_cnn_cfdac_magphase head k=0.3: Error(s) in loading state_dict for Conv1DStack:
	size mismatch for features.0.weight: copying a param with shape torch.Size([32, 256, 7]) from checkpoint, the shape in current model is torch.Size([32, 128, 7]).
  FAIL build type_cnn_cfdac_magphase head k=0.4: Error(s) in loading state_dict for Conv1DStack:
	size mismatch for features.0.weight: copying a param with shape torch.Size([32, 256, 7]) from checkpoint, the shape in current model is torch.Size([32, 128, 7]).
  FAIL build type_cnn_cfdac_magphase head k=0.5: Error(s) in loading state_dict for Conv1DStack:
	size mismatch for features.0.weight: copying a param with shape torch.Size([32, 256, 7]) from checkpoint, the shape in current model is torch.Size([32, 128, 7]).
  FAIL build type_cnn_cfdac_magphase head_proj k=0.1: Error(s) in loading state_dict for Conv1DStack:
	size mismatch for features.0.weight: copying a param with shape torch.Size([32, 256, 7]) from checkpoint, the shape in current model is torch.Size([32, 128, 7]).
  FAIL build type_cnn_cfdac_magphase head_proj k=0.2: Error(s) in loading state_dict for Conv1DStack:
	size mismatch for features.0.weight: copying a param with shape torch.Size([32, 256, 7]) from checkpoint, the shape in current model is torch.Size([32, 128, 7]).
  FAIL build type_cnn_cfdac_magphase head_proj k=0.3: Error(s) in loading state_dict for Conv1DStack:
	size mismatch for features.0.weight: copying a param with shape torch.Size([32, 256, 7]) from checkpoint, the shape in current model is torch.Size([32, 128, 7]).
  FAIL build type_cnn_cfdac_magphase head_proj k=0.4: Error(s) in loading state_dict for Conv1DStack:
	size mismatch for features.0.weight: copying a param with shape torch.Size([32, 256, 7]) from checkpoint, the shape in current model is torch.Size([32, 128, 7]).
  FAIL build type_cnn_cfdac_magphase head_proj k=0.5: Error(s) in loading state_dict for Conv1DStack:
	size mismatch for features.0.weight: copying a param with shape torch.Size([32, 256, 7]) from checkpoint, the shape in current model is torch.Size([32, 128, 7]).
  type_cnn_cfdac_phase__head__k10                         accuracy +0.284  (0.2s)
  type_cnn_cfdac_phase__head__k20                         accuracy +0.272  (0.2s)
  type_cnn_cfdac_phase__head__k30                         accuracy +0.267  (0.2s)
  type_cnn_cfdac_phase__head__k40                         accuracy +0.275  (0.2s)
  type_cnn_cfdac_phase__head__k50                         accuracy +0.279  (0.3s)
  type_cnn_cfdac_phase__head_proj__k10                    accuracy +0.322  (0.2s)
  type_cnn_cfdac_phase__head_proj__k20                    accuracy +0.309  (0.2s)
  type_cnn_cfdac_phase__head_proj__k30                    accuracy +0.321  (0.3s)
  type_cnn_cfdac_phase__head_proj__k40                    accuracy +0.412  (0.2s)
  type_cnn_cfdac_phase__head_proj__k50                    accuracy +0.444  (0.3s)
  type_cnn_cfdac_real__head__k10                          accuracy +0.324  (0.1s)
  type_cnn_cfdac_real__head__k20                          accuracy +0.274  (0.2s)
  type_cnn_cfdac_real__head__k30                          accuracy +0.250  (0.2s)
  type_cnn_cfdac_real__head__k40                          accuracy +0.294  (0.2s)
  type_cnn_cfdac_real__head__k50                          accuracy +0.324  (0.2s)
  type_cnn_cfdac_real__head_proj__k10                     accuracy +0.356  (0.1s)
  type_cnn_cfdac_real__head_proj__k20                     accuracy +0.316  (0.2s)
  type_cnn_cfdac_real__head_proj__k30                     accuracy +0.387  (0.2s)
  type_cnn_cfdac_real__head_proj__k40                     accuracy +0.395  (0.2s)
  type_cnn_cfdac_real__head_proj__k50                     accuracy +0.426  (0.3s)
  FAIL build type_cnn_cfdac_realimag head k=0.1: Error(s) in loading state_dict for Conv1DStack:
	size mismatch for features.0.weight: copying a param with shape torch.Size([32, 256, 7]) from checkpoint, the shape in current model is torch.Size([32, 128, 7]).
  FAIL build type_cnn_cfdac_realimag head k=0.2: Error(s) in loading state_dict for Conv1DStack:
	size mismatch for features.0.weight: copying a param with shape torch.Size([32, 256, 7]) from checkpoint, the shape in current model is torch.Size([32, 128, 7]).
  FAIL build type_cnn_cfdac_realimag head k=0.3: Error(s) in loading state_dict for Conv1DStack:
	size mismatch for features.0.weight: copying a param with shape torch.Size([32, 256, 7]) from checkpoint, the shape in current model is torch.Size([32, 128, 7]).
  FAIL build type_cnn_cfdac_realimag head k=0.4: Error(s) in loading state_dict for Conv1DStack:
	size mismatch for features.0.weight: copying a param with shape torch.Size([32, 256, 7]) from checkpoint, the shape in current model is torch.Size([32, 128, 7]).
  FAIL build type_cnn_cfdac_realimag head k=0.5: Error(s) in loading state_dict for Conv1DStack:
	size mismatch for features.0.weight: copying a param with shape torch.Size([32, 256, 7]) from checkpoint, the shape in current model is torch.Size([32, 128, 7]).
  FAIL build type_cnn_cfdac_realimag head_proj k=0.1: Error(s) in loading state_dict for Conv1DStack:
	size mismatch for features.0.weight: copying a param with shape torch.Size([32, 256, 7]) from checkpoint, the shape in current model is torch.Size([32, 128, 7]).
  FAIL build type_cnn_cfdac_realimag head_proj k=0.2: Error(s) in loading state_dict for Conv1DStack:
	size mismatch for features.0.weight: copying a param with shape torch.Size([32, 256, 7]) from checkpoint, the shape in current model is torch.Size([32, 128, 7]).
  FAIL build type_cnn_cfdac_realimag head_proj k=0.3: Error(s) in loading state_dict for Conv1DStack:
	size mismatch for features.0.weight: copying a param with shape torch.Size([32, 256, 7]) from checkpoint, the shape in current model is torch.Size([32, 128, 7]).
  FAIL build type_cnn_cfdac_realimag head_proj k=0.4: Error(s) in loading state_dict for Conv1DStack:
	size mismatch for features.0.weight: copying a param with shape torch.Size([32, 256, 7]) from checkpoint, the shape in current model is torch.Size([32, 128, 7]).
  FAIL build type_cnn_cfdac_realimag head_proj k=0.5: Error(s) in loading state_dict for Conv1DStack:
	size mismatch for features.0.weight: copying a param with shape torch.Size([32, 256, 7]) from checkpoint, the shape in current model is torch.Size([32, 128, 7]).
  type_cnn_frf_mag__head__k10                             accuracy +0.379  (0.1s)
  type_cnn_frf_mag__head__k20                             accuracy +0.382  (0.1s)
  type_cnn_frf_mag__head__k30                             accuracy +0.378  (0.1s)
  type_cnn_frf_mag__head__k40                             accuracy +0.382  (0.2s)
  type_cnn_frf_mag__head__k50                             accuracy +0.400  (0.2s)
  type_cnn_frf_mag__head_proj__k10                        accuracy +0.307  (0.1s)
  type_cnn_frf_mag__head_proj__k20                        accuracy +0.309  (0.1s)
  type_cnn_frf_mag__head_proj__k30                        accuracy +0.403  (0.1s)
  type_cnn_frf_mag__head_proj__k40                        accuracy +0.402  (0.1s)
  type_cnn_frf_mag__head_proj__k50                        accuracy +0.412  (0.2s)
  type_cnn_timeseries__head__k10                          accuracy +0.345  (0.7s)
  type_cnn_timeseries__head__k20                          accuracy +0.469  (0.8s)
  type_cnn_timeseries__head__k30                          accuracy +0.456  (0.7s)
  type_cnn_timeseries__head__k40                          accuracy +0.446  (0.7s)
  type_cnn_timeseries__head__k50                          accuracy +0.471  (0.7s)
  type_cnn_timeseries__head_proj__k10                     accuracy +0.467  (0.7s)
  type_cnn_timeseries__head_proj__k20                     accuracy +0.467  (0.8s)
  type_cnn_timeseries__head_proj__k30                     accuracy +0.485  (0.6s)
  type_cnn_timeseries__head_proj__k40                     accuracy +0.463  (0.7s)
  type_cnn_timeseries__head_proj__k50                     accuracy +0.497  (0.6s)
  type_mlp_cfdac_imag__head__k10                          accuracy +0.217  (0.1s)
  type_mlp_cfdac_imag__head__k20                          accuracy +0.274  (0.1s)
  type_mlp_cfdac_imag__head__k30                          accuracy +0.340  (0.2s)
  type_mlp_cfdac_imag__head__k40                          accuracy +0.328  (0.2s)
  type_mlp_cfdac_imag__head__k50                          accuracy +0.344  (0.2s)
  type_mlp_cfdac_imag__head_proj__k10                     accuracy +0.358  (0.1s)
  type_mlp_cfdac_imag__head_proj__k20                     accuracy +0.404  (0.1s)
  type_mlp_cfdac_imag__head_proj__k30                     accuracy +0.466  (0.2s)
  type_mlp_cfdac_imag__head_proj__k40                     accuracy +0.522  (0.2s)
  type_mlp_cfdac_imag__head_proj__k50                     accuracy +0.568  (0.2s)
  type_mlp_cfdac_mag__head__k10                           accuracy +0.240  (0.1s)
  type_mlp_cfdac_mag__head__k20                           accuracy +0.230  (0.1s)
  type_mlp_cfdac_mag__head__k30                           accuracy +0.237  (0.2s)
  type_mlp_cfdac_mag__head__k40                           accuracy +0.245  (0.2s)
  type_mlp_cfdac_mag__head__k50                           accuracy +0.271  (0.2s)
  type_mlp_cfdac_mag__head_proj__k10                      accuracy +0.268  (0.1s)
  type_mlp_cfdac_mag__head_proj__k20                      accuracy +0.305  (0.1s)
  type_mlp_cfdac_mag__head_proj__k30                      accuracy +0.393  (0.2s)
  type_mlp_cfdac_mag__head_proj__k40                      accuracy +0.238  (0.2s)
  type_mlp_cfdac_mag__head_proj__k50                      accuracy +0.276  (0.2s)
  type_mlp_cfdac_magphase__head__k10                      accuracy +0.325  (0.3s)
  type_mlp_cfdac_magphase__head__k20                      accuracy +0.314  (0.3s)
  type_mlp_cfdac_magphase__head__k30                      accuracy +0.338  (0.3s)
  type_mlp_cfdac_magphase__head__k40                      accuracy +0.321  (0.4s)
  type_mlp_cfdac_magphase__head__k50                      accuracy +0.332  (0.4s)
  type_mlp_cfdac_magphase__head_proj__k10                 accuracy +0.342  (0.3s)
  type_mlp_cfdac_magphase__head_proj__k20                 accuracy +0.358  (0.3s)
  type_mlp_cfdac_magphase__head_proj__k30                 accuracy +0.410  (0.4s)
  type_mlp_cfdac_magphase__head_proj__k40                 accuracy +0.375  (0.4s)
  type_mlp_cfdac_magphase__head_proj__k50                 accuracy +0.403  (0.4s)
  type_mlp_cfdac_phase__head__k10                         accuracy +0.356  (0.1s)
  type_mlp_cfdac_phase__head__k20                         accuracy +0.373  (0.1s)
  type_mlp_cfdac_phase__head__k30                         accuracy +0.399  (0.2s)
  type_mlp_cfdac_phase__head__k40                         accuracy +0.392  (0.2s)
  type_mlp_cfdac_phase__head__k50                         accuracy +0.415  (0.2s)
  type_mlp_cfdac_phase__head_proj__k10                    accuracy +0.408  (0.1s)
  type_mlp_cfdac_phase__head_proj__k20                    accuracy +0.428  (0.1s)
  type_mlp_cfdac_phase__head_proj__k30                    accuracy +0.496  (0.2s)
  type_mlp_cfdac_phase__head_proj__k40                    accuracy +0.483  (0.2s)
  type_mlp_cfdac_phase__head_proj__k50                    accuracy +0.491  (0.2s)
  type_mlp_cfdac_real__head__k10                          accuracy +0.222  (0.1s)
  type_mlp_cfdac_real__head__k20                          accuracy +0.206  (0.1s)
  type_mlp_cfdac_real__head__k30                          accuracy +0.227  (0.2s)
  type_mlp_cfdac_real__head__k40                          accuracy +0.250  (0.2s)
  type_mlp_cfdac_real__head__k50                          accuracy +0.276  (0.2s)
  type_mlp_cfdac_real__head_proj__k10                     accuracy +0.245  (0.1s)
  type_mlp_cfdac_real__head_proj__k20                     accuracy +0.296  (0.1s)
  type_mlp_cfdac_real__head_proj__k30                     accuracy +0.361  (0.2s)
  type_mlp_cfdac_real__head_proj__k40                     accuracy +0.419  (0.2s)
  type_mlp_cfdac_real__head_proj__k50                     accuracy +0.350  (0.2s)
  type_mlp_cfdac_realimag__head__k10                      accuracy +0.307  (0.3s)
  type_mlp_cfdac_realimag__head__k20                      accuracy +0.318  (0.3s)
  type_mlp_cfdac_realimag__head__k30                      accuracy +0.351  (0.3s)
  type_mlp_cfdac_realimag__head__k40                      accuracy +0.343  (0.4s)
  type_mlp_cfdac_realimag__head__k50                      accuracy +0.397  (0.4s)
  type_mlp_cfdac_realimag__head_proj__k10                 accuracy +0.346  (0.3s)
  type_mlp_cfdac_realimag__head_proj__k20                 accuracy +0.351  (0.3s)
  type_mlp_cfdac_realimag__head_proj__k30                 accuracy +0.233  (0.4s)
  type_mlp_cfdac_realimag__head_proj__k40                 accuracy +0.324  (0.4s)
  type_mlp_cfdac_realimag__head_proj__k50                 accuracy +0.259  (0.4s)
  type_mlp_modal__head__k10                               accuracy +0.235  (0.1s)
  type_mlp_modal__head__k20                               accuracy +0.235  (0.0s)
  type_mlp_modal__head__k30                               accuracy +0.235  (0.0s)
  type_mlp_modal__head__k40                               accuracy +0.235  (0.1s)
  type_mlp_modal__head__k50                               accuracy +0.235  (0.1s)
  type_mlp_modal__head_proj__k10                          accuracy +0.235  (0.0s)
  type_mlp_modal__head_proj__k20                          accuracy +0.235  (0.0s)
  type_mlp_modal__head_proj__k30                          accuracy +0.275  (0.1s)
  type_mlp_modal__head_proj__k40                          accuracy +0.284  (0.1s)
  type_mlp_modal__head_proj__k50                          accuracy +0.291  (0.1s)
  type_transformer_cfdac_imag__head__k10                  accuracy +0.485  (0.2s)
  type_transformer_cfdac_imag__head__k20                  accuracy +0.506  (0.2s)
  type_transformer_cfdac_imag__head__k30                  accuracy +0.519  (0.2s)
  type_transformer_cfdac_imag__head__k40                  accuracy +0.498  (0.3s)
  type_transformer_cfdac_imag__head__k50                  accuracy +0.485  (0.3s)
  type_transformer_cfdac_imag__head_proj__k10             accuracy +0.480  (0.1s)
  type_transformer_cfdac_imag__head_proj__k20             accuracy +0.507  (0.2s)
  type_transformer_cfdac_imag__head_proj__k30             accuracy +0.511  (0.2s)
  type_transformer_cfdac_imag__head_proj__k40             accuracy +0.495  (0.3s)
  type_transformer_cfdac_imag__head_proj__k50             accuracy +0.471  (0.4s)
  type_transformer_cfdac_mag__head__k10                   accuracy +0.294  (0.2s)
  type_transformer_cfdac_mag__head__k20                   accuracy +0.294  (0.2s)
  type_transformer_cfdac_mag__head__k30                   accuracy +0.294  (0.2s)
  type_transformer_cfdac_mag__head__k40                   accuracy +0.294  (0.3s)
  type_transformer_cfdac_mag__head__k50                   accuracy +0.294  (0.5s)
  type_transformer_cfdac_mag__head_proj__k10              accuracy +0.291  (0.2s)
  type_transformer_cfdac_mag__head_proj__k20              accuracy +0.294  (0.2s)
  type_transformer_cfdac_mag__head_proj__k30              accuracy +0.294  (0.2s)
  type_transformer_cfdac_mag__head_proj__k40              accuracy +0.294  (0.3s)
  type_transformer_cfdac_mag__head_proj__k50              accuracy +0.294  (0.4s)
  FAIL build type_transformer_cfdac_magphase head k=0.1: Error(s) in loading state_dict for SmallTransformer:
	size mismatch for proj.weight: copying a param with shape torch.Size([48, 256, 16]) from checkpoint, the shape in current model is torch.Size([48, 128, 16]).
  FAIL build type_transformer_cfdac_magphase head k=0.2: Error(s) in loading state_dict for SmallTransformer:
	size mismatch for proj.weight: copying a param with shape torch.Size([48, 256, 16]) from checkpoint, the shape in current model is torch.Size([48, 128, 16]).
  FAIL build type_transformer_cfdac_magphase head k=0.3: Error(s) in loading state_dict for SmallTransformer:
	size mismatch for proj.weight: copying a param with shape torch.Size([48, 256, 16]) from checkpoint, the shape in current model is torch.Size([48, 128, 16]).
  FAIL build type_transformer_cfdac_magphase head k=0.4: Error(s) in loading state_dict for SmallTransformer:
	size mismatch for proj.weight: copying a param with shape torch.Size([48, 256, 16]) from checkpoint, the shape in current model is torch.Size([48, 128, 16]).
  FAIL build type_transformer_cfdac_magphase head k=0.5: Error(s) in loading state_dict for SmallTransformer:
	size mismatch for proj.weight: copying a param with shape torch.Size([48, 256, 16]) from checkpoint, the shape in current model is torch.Size([48, 128, 16]).
  FAIL build type_transformer_cfdac_magphase head_proj k=0.1: Error(s) in loading state_dict for SmallTransformer:
	size mismatch for proj.weight: copying a param with shape torch.Size([48, 256, 16]) from checkpoint, the shape in current model is torch.Size([48, 128, 16]).
  FAIL build type_transformer_cfdac_magphase head_proj k=0.2: Error(s) in loading state_dict for SmallTransformer:
	size mismatch for proj.weight: copying a param with shape torch.Size([48, 256, 16]) from checkpoint, the shape in current model is torch.Size([48, 128, 16]).
  FAIL build type_transformer_cfdac_magphase head_proj k=0.3: Error(s) in loading state_dict for SmallTransformer:
	size mismatch for proj.weight: copying a param with shape torch.Size([48, 256, 16]) from checkpoint, the shape in current model is torch.Size([48, 128, 16]).
  FAIL build type_transformer_cfdac_magphase head_proj k=0.4: Error(s) in loading state_dict for SmallTransformer:
	size mismatch for proj.weight: copying a param with shape torch.Size([48, 256, 16]) from checkpoint, the shape in current model is torch.Size([48, 128, 16]).
  FAIL build type_transformer_cfdac_magphase head_proj k=0.5: Error(s) in loading state_dict for SmallTransformer:
	size mismatch for proj.weight: copying a param with shape torch.Size([48, 256, 16]) from checkpoint, the shape in current model is torch.Size([48, 128, 16]).
  type_transformer_cfdac_phase__head__k10                 accuracy +0.245  (0.2s)
  type_transformer_cfdac_phase__head__k20                 accuracy +0.259  (0.2s)
  type_transformer_cfdac_phase__head__k30                 accuracy +0.242  (0.3s)
  type_transformer_cfdac_phase__head__k40                 accuracy +0.211  (0.3s)
  type_transformer_cfdac_phase__head__k50                 accuracy +0.218  (0.4s)
  type_transformer_cfdac_phase__head_proj__k10            accuracy +0.242  (0.2s)
  type_transformer_cfdac_phase__head_proj__k20            accuracy +0.250  (0.2s)
  type_transformer_cfdac_phase__head_proj__k30            accuracy +0.242  (0.3s)
  type_transformer_cfdac_phase__head_proj__k40            accuracy +0.213  (0.3s)
  type_transformer_cfdac_phase__head_proj__k50            accuracy +0.218  (0.4s)
  type_transformer_cfdac_real__head__k10                  accuracy +0.359  (0.4s)
  type_transformer_cfdac_real__head__k20                  accuracy +0.357  (0.5s)
  type_transformer_cfdac_real__head__k30                  accuracy +0.376  (0.3s)
  type_transformer_cfdac_real__head__k40                  accuracy +0.382  (0.3s)
  type_transformer_cfdac_real__head__k50                  accuracy +0.388  (0.4s)
  type_transformer_cfdac_real__head_proj__k10             accuracy +0.358  (0.1s)
  type_transformer_cfdac_real__head_proj__k20             accuracy +0.375  (0.2s)
  type_transformer_cfdac_real__head_proj__k30             accuracy +0.395  (0.2s)
  type_transformer_cfdac_real__head_proj__k40             accuracy +0.387  (0.3s)
  type_transformer_cfdac_real__head_proj__k50             accuracy +0.385  (0.4s)
  FAIL build type_transformer_cfdac_realimag head k=0.1: Error(s) in loading state_dict for SmallTransformer:
	size mismatch for proj.weight: copying a param with shape torch.Size([48, 256, 16]) from checkpoint, the shape in current model is torch.Size([48, 128, 16]).
  FAIL build type_transformer_cfdac_realimag head k=0.2: Error(s) in loading state_dict for SmallTransformer:
	size mismatch for proj.weight: copying a param with shape torch.Size([48, 256, 16]) from checkpoint, the shape in current model is torch.Size([48, 128, 16]).
  FAIL build type_transformer_cfdac_realimag head k=0.3: Error(s) in loading state_dict for SmallTransformer:
	size mismatch for proj.weight: copying a param with shape torch.Size([48, 256, 16]) from checkpoint, the shape in current model is torch.Size([48, 128, 16]).
  FAIL build type_transformer_cfdac_realimag head k=0.4: Error(s) in loading state_dict for SmallTransformer:
	size mismatch for proj.weight: copying a param with shape torch.Size([48, 256, 16]) from checkpoint, the shape in current model is torch.Size([48, 128, 16]).
  FAIL build type_transformer_cfdac_realimag head k=0.5: Error(s) in loading state_dict for SmallTransformer:
	size mismatch for proj.weight: copying a param with shape torch.Size([48, 256, 16]) from checkpoint, the shape in current model is torch.Size([48, 128, 16]).
  FAIL build type_transformer_cfdac_realimag head_proj k=0.1: Error(s) in loading state_dict for SmallTransformer:
	size mismatch for proj.weight: copying a param with shape torch.Size([48, 256, 16]) from checkpoint, the shape in current model is torch.Size([48, 128, 16]).
  FAIL build type_transformer_cfdac_realimag head_proj k=0.2: Error(s) in loading state_dict for SmallTransformer:
	size mismatch for proj.weight: copying a param with shape torch.Size([48, 256, 16]) from checkpoint, the shape in current model is torch.Size([48, 128, 16]).
  FAIL build type_transformer_cfdac_realimag head_proj k=0.3: Error(s) in loading state_dict for SmallTransformer:
	size mismatch for proj.weight: copying a param with shape torch.Size([48, 256, 16]) from checkpoint, the shape in current model is torch.Size([48, 128, 16]).
  FAIL build type_transformer_cfdac_realimag head_proj k=0.4: Error(s) in loading state_dict for SmallTransformer:
	size mismatch for proj.weight: copying a param with shape torch.Size([48, 256, 16]) from checkpoint, the shape in current model is torch.Size([48, 128, 16]).
  FAIL build type_transformer_cfdac_realimag head_proj k=0.5: Error(s) in loading state_dict for SmallTransformer:
	size mismatch for proj.weight: copying a param with shape torch.Size([48, 256, 16]) from checkpoint, the shape in current model is torch.Size([48, 128, 16]).
  type_transformer_frf_mag__head__k10                     accuracy +0.376  (0.2s)
  type_transformer_frf_mag__head__k20                     accuracy +0.379  (0.3s)
  type_transformer_frf_mag__head__k30                     accuracy +0.399  (0.4s)
  type_transformer_frf_mag__head__k40                     accuracy +0.392  (0.5s)
  type_transformer_frf_mag__head__k50                     accuracy +0.385  (0.6s)
  type_transformer_frf_mag__head_proj__k10                accuracy +0.382  (0.2s)
  type_transformer_frf_mag__head_proj__k20                accuracy +0.386  (0.3s)
  type_transformer_frf_mag__head_proj__k30                accuracy +0.418  (0.5s)
  type_transformer_frf_mag__head_proj__k40                accuracy +0.390  (0.5s)
  type_transformer_frf_mag__head_proj__k50                accuracy +0.391  (0.7s)
  type_transformer_timeseries__head__k10                  accuracy +0.301  (0.5s)
  type_transformer_timeseries__head__k20                  accuracy +0.296  (0.6s)
  type_transformer_timeseries__head__k30                  accuracy +0.286  (0.8s)
  type_transformer_timeseries__head__k40                  accuracy +0.297  (1.0s)
  type_transformer_timeseries__head__k50                  accuracy +0.300  (1.2s)
  type_transformer_timeseries__head_proj__k10             accuracy +0.306  (0.3s)
  type_transformer_timeseries__head_proj__k20             accuracy +0.289  (0.6s)
  type_transformer_timeseries__head_proj__k30             accuracy +0.290  (1.3s)
  type_transformer_timeseries__head_proj__k40             accuracy +0.299  (1.1s)
  type_transformer_timeseries__head_proj__k50             accuracy +0.306  (1.3s)

wrote results/transfer_learning.json  (1220 rows)

--- $ /usr/local/bin/python ml_pipeline/transfer_learn.py --syn /home/user/PhD_LANL/dataset/features_noisy_20dB.h5 --exp /home/user/PhD_LANL/dataset/experimental_features_balanced.h5 --results /home/user/PhD_LANL/results/noisy_20dB --epochs 4
